beds.slots,world_id,hours,Beds in use,Patients waiting,Patients treated,Patients died
165,0,0.0,6.0,0.0,0.0,0.0
165,0,1.0,10.0,0.0,0.0,0.0
165,0,2.0,17.0,0.0,0.0,0.0
165,0,3.0,19.0,0.0,0.0,0.0
165,0,4.0,26.0,0.0,0.0,0.0
165,0,5.0,33.0,0.0,0.0,0.0
165,0,6.0,37.0,0.0,0.0,0.0
165,0,7.0,42.0,0.0,0.0,0.0
165,0,8.0,48.0,0.0,0.0,0.0
165,0,9.0,53.0,0.0,0.0,0.0
165,0,10.0,60.0,0.0,0.0,0.0
165,0,11.0,66.0,0.0,0.0,0.0
165,0,12.0,70.0,0.0,0.0,0.0
165,0,13.0,74.0,0.0,0.0,0.0
165,0,14.0,77.0,0.0,0.0,0.0
165,0,15.0,79.0,0.0,0.0,0.0
165,0,16.0,80.0,0.0,1.0,0.0
165,0,17.0,88.0,0.0,2.0,0.0
165,0,18.0,94.0,0.0,2.0,0.0
165,0,19.0,97.0,0.0,2.0,0.0
165,0,20.0,104.0,0.0,3.0,0.0
165,0,21.0,108.0,0.0,3.0,0.0
165,0,22.0,108.0,0.0,3.0,0.0
165,0,23.0,112.0,0.0,6.0,0.0
165,0,24.0,113.0,0.0,7.0,0.0
165,0,25.0,118.0,0.0,11.0,0.0
165,0,26.0,119.0,0.0,13.0,0.0
165,0,27.0,123.0,0.0,16.0,0.0
165,0,28.0,128.0,0.0,19.0,0.0
165,0,29.0,129.0,0.0,23.0,0.0
165,0,30.0,133.0,0.0,25.0,0.0
165,0,31.0,135.0,0.0,27.0,0.0
165,0,32.0,135.0,0.0,30.0,0.0
165,0,33.0,136.0,0.0,31.0,0.0
165,0,34.0,133.0,0.0,36.0,0.0
165,0,35.0,135.0,0.0,42.0,0.0
165,0,36.0,143.0,0.0,45.0,0.0
165,0,37.0,146.0,0.0,47.0,0.0
165,0,38.0,150.0,0.0,50.0,0.0
165,0,39.0,151.0,0.0,53.0,0.0
165,0,40.0,153.0,0.0,57.0,0.0
165,0,41.0,151.0,0.0,62.0,0.0
165,0,42.0,149.0,0.0,67.0,0.0
165,0,43.0,144.0,0.0,73.0,0.0
165,0,44.0,148.0,0.0,81.0,0.0
165,0,45.0,148.0,0.0,82.0,0.0
165,0,46.0,148.0,0.0,87.0,0.0
165,0,47.0,149.0,0.0,89.0,0.0
165,0,48.0,150.0,0.0,93.0,0.0
165,0,49.0,150.0,0.0,97.0,0.0
165,0,50.0,151.0,0.0,102.0,0.0
165,0,51.0,149.0,0.0,108.0,0.0
165,0,52.0,154.0,0.0,113.0,0.0
165,0,53.0,155.0,0.0,116.0,0.0
165,0,54.0,152.0,0.0,120.0,0.0
165,0,55.0,150.0,0.0,129.0,0.0
165,0,56.0,149.0,0.0,138.0,0.0
165,0,57.0,152.0,0.0,144.0,0.0
165,0,58.0,155.0,0.0,149.0,0.0
165,0,59.0,158.0,0.0,151.0,0.0
165,0,60.0,160.0,0.0,154.0,0.0
165,0,61.0,156.0,0.0,157.0,0.0
165,0,62.0,161.0,0.0,163.0,0.0
165,0,63.0,163.0,2.0,167.0,0.0
165,0,64.0,162.0,5.0,169.0,0.0
165,0,65.0,162.0,10.0,172.0,0.0
165,0,66.0,164.0,12.0,175.0,0.0
165,0,67.0,158.0,14.0,176.0,0.0
165,0,68.0,162.0,12.0,183.0,1.0
165,0,69.0,158.0,16.0,186.0,2.0
165,0,70.0,157.0,15.0,193.0,2.0
165,0,71.0,158.0,14.0,201.0,3.0
165,0,72.0,159.0,15.0,208.0,4.0
165,0,73.0,160.0,14.0,214.0,6.0
165,0,74.0,161.0,15.0,219.0,8.0
165,0,75.0,162.0,12.0,223.0,10.0
165,0,76.0,164.0,12.0,226.0,11.0
165,0,77.0,158.0,18.0,227.0,12.0
165,0,78.0,159.0,15.0,234.0,13.0
165,0,79.0,162.0,16.0,240.0,19.0
165,0,80.0,158.0,19.0,243.0,21.0
165,0,81.0,159.0,17.0,250.0,24.0
165,0,82.0,158.0,16.0,256.0,27.0
165,0,83.0,164.0,12.0,263.0,30.0
165,0,84.0,155.0,16.0,264.0,33.0
165,0,85.0,158.0,9.0,274.0,35.0
165,0,86.0,159.0,5.0,281.0,36.0
165,0,87.0,160.0,7.0,287.0,37.0
165,0,88.0,163.0,10.0,292.0,39.0
165,0,89.0,162.0,16.0,294.0,39.0
165,0,90.0,161.0,20.0,297.0,40.0
165,0,91.0,161.0,21.0,301.0,42.0
165,0,92.0,157.0,21.0,305.0,43.0
165,0,93.0,158.0,15.0,313.0,45.0
165,0,94.0,161.0,11.0,320.0,47.0
165,0,95.0,163.0,12.0,324.0,47.0
165,0,96.0,152.0,12.0,326.0,49.0
165,0,97.0,162.0,6.0,339.0,49.0
165,0,98.0,158.0,5.0,342.0,49.0
165,0,99.0,163.0,8.0,349.0,49.0
165,0,100.0,156.0,12.0,351.0,49.0
165,0,101.0,162.0,10.0,360.0,49.0
165,0,102.0,160.0,13.0,363.0,51.0
165,0,103.0,163.0,12.0,368.0,51.0
165,0,104.0,161.0,10.0,370.0,53.0
165,0,105.0,161.0,13.0,374.0,56.0
165,0,106.0,163.0,14.0,378.0,56.0
165,0,107.0,159.0,16.0,380.0,57.0
165,0,108.0,162.0,15.0,386.0,58.0
165,0,109.0,156.0,17.0,389.0,59.0
165,0,110.0,162.0,17.0,398.0,60.0
165,0,111.0,161.0,20.0,401.0,64.0
165,0,112.0,159.0,19.0,405.0,65.0
165,0,113.0,160.0,17.0,411.0,67.0
165,0,114.0,160.0,19.0,416.0,69.0
165,0,115.0,160.0,18.0,421.0,70.0
165,0,116.0,160.0,21.0,426.0,70.0
165,0,117.0,159.0,22.0,431.0,73.0
165,0,118.0,161.0,15.0,437.0,74.0
165,0,119.0,160.0,16.0,441.0,77.0
165,0,120.0,158.0,9.0,446.0,80.0
165,0,121.0,158.0,0.0,453.0,82.0
165,0,122.0,152.0,0.0,459.0,82.0
165,0,123.0,144.0,0.0,465.0,82.0
165,0,124.0,139.0,0.0,473.0,82.0
165,0,125.0,133.0,0.0,478.0,82.0
165,0,126.0,128.0,0.0,484.0,82.0
165,0,127.0,123.0,0.0,489.0,82.0
165,0,128.0,121.0,0.0,494.0,82.0
165,0,129.0,119.0,0.0,496.0,82.0
165,0,130.0,109.0,0.0,498.0,82.0
165,0,131.0,108.0,0.0,508.0,82.0
165,0,132.0,101.0,0.0,509.0,82.0
165,0,133.0,95.0,0.0,516.0,82.0
165,0,134.0,90.0,0.0,522.0,82.0
165,0,135.0,87.0,0.0,527.0,82.0
165,0,136.0,84.0,0.0,530.0,82.0
165,0,137.0,82.0,0.0,533.0,82.0
165,0,138.0,79.0,0.0,535.0,82.0
165,0,139.0,74.0,0.0,538.0,82.0
165,0,140.0,71.0,0.0,543.0,82.0
165,0,141.0,66.0,0.0,546.0,82.0
165,0,142.0,58.0,0.0,551.0,82.0
165,0,143.0,55.0,0.0,559.0,82.0
165,0,144.0,53.0,0.0,562.0,82.0
165,0,145.0,51.0,0.0,564.0,82.0
165,0,146.0,47.0,0.0,566.0,82.0
165,0,147.0,46.0,0.0,570.0,82.0
165,0,148.0,45.0,0.0,571.0,82.0
165,0,149.0,44.0,0.0,572.0,82.0
165,0,150.0,44.0,0.0,573.0,82.0
165,0,151.0,44.0,0.0,573.0,82.0
165,0,152.0,44.0,0.0,573.0,82.0
165,0,153.0,43.0,0.0,573.0,82.0
165,0,154.0,43.0,0.0,574.0,82.0
165,0,155.0,42.0,0.0,574.0,82.0
165,0,156.0,41.0,0.0,575.0,82.0
165,0,157.0,41.0,0.0,576.0,82.0
165,0,158.0,41.0,0.0,576.0,82.0
165,0,159.0,41.0,0.0,576.0,82.0
165,0,160.0,41.0,0.0,576.0,82.0
165,0,161.0,41.0,0.0,576.0,82.0
165,0,162.0,41.0,0.0,576.0,82.0
165,0,163.0,41.0,0.0,576.0,82.0
165,0,164.0,41.0,0.0,576.0,82.0
165,0,165.0,41.0,0.0,576.0,82.0
165,0,166.0,40.0,0.0,576.0,82.0
165,0,167.0,40.0,0.0,577.0,82.0
165,0,168.0,39.0,0.0,577.0,82.0
165,0,169.0,39.0,0.0,578.0,82.0
190,1,0.0,6.0,0.0,0.0,0.0
190,1,1.0,10.0,0.0,0.0,0.0
190,1,2.0,17.0,0.0,0.0,0.0
190,1,3.0,19.0,0.0,0.0,0.0
190,1,4.0,26.0,0.0,0.0,0.0
190,1,5.0,33.0,0.0,0.0,0.0
190,1,6.0,37.0,0.0,0.0,0.0
190,1,7.0,42.0,0.0,0.0,0.0
190,1,8.0,48.0,0.0,0.0,0.0
190,1,9.0,53.0,0.0,0.0,0.0
190,1,10.0,60.0,0.0,0.0,0.0
190,1,11.0,66.0,0.0,0.0,0.0
190,1,12.0,70.0,0.0,0.0,0.0
190,1,13.0,74.0,0.0,0.0,0.0
190,1,14.0,77.0,0.0,0.0,0.0
190,1,15.0,79.0,0.0,0.0,0.0
190,1,16.0,80.0,0.0,1.0,0.0
190,1,17.0,88.0,0.0,2.0,0.0
190,1,18.0,94.0,0.0,2.0,0.0
190,1,19.0,97.0,0.0,2.0,0.0
190,1,20.0,104.0,0.0,3.0,0.0
190,1,21.0,108.0,0.0,3.0,0.0
190,1,22.0,108.0,0.0,3.0,0.0
190,1,23.0,112.0,0.0,6.0,0.0
190,1,24.0,113.0,0.0,7.0,0.0
190,1,25.0,118.0,0.0,11.0,0.0
190,1,26.0,119.0,0.0,13.0,0.0
190,1,27.0,123.0,0.0,16.0,0.0
190,1,28.0,128.0,0.0,19.0,0.0
190,1,29.0,129.0,0.0,23.0,0.0
190,1,30.0,133.0,0.0,25.0,0.0
190,1,31.0,135.0,0.0,27.0,0.0
190,1,32.0,135.0,0.0,30.0,0.0
190,1,33.0,136.0,0.0,31.0,0.0
190,1,34.0,133.0,0.0,36.0,0.0
190,1,35.0,135.0,0.0,42.0,0.0
190,1,36.0,143.0,0.0,45.0,0.0
190,1,37.0,146.0,0.0,47.0,0.0
190,1,38.0,150.0,0.0,50.0,0.0
190,1,39.0,151.0,0.0,53.0,0.0
190,1,40.0,153.0,0.0,57.0,0.0
190,1,41.0,151.0,0.0,62.0,0.0
190,1,42.0,149.0,0.0,67.0,0.0
190,1,43.0,144.0,0.0,73.0,0.0
190,1,44.0,148.0,0.0,81.0,0.0
190,1,45.0,148.0,0.0,82.0,0.0
190,1,46.0,148.0,0.0,87.0,0.0
190,1,47.0,149.0,0.0,89.0,0.0
190,1,48.0,150.0,0.0,93.0,0.0
190,1,49.0,150.0,0.0,97.0,0.0
190,1,50.0,151.0,0.0,102.0,0.0
190,1,51.0,149.0,0.0,108.0,0.0
190,1,52.0,154.0,0.0,113.0,0.0
190,1,53.0,155.0,0.0,116.0,0.0
190,1,54.0,152.0,0.0,120.0,0.0
190,1,55.0,150.0,0.0,129.0,0.0
190,1,56.0,149.0,0.0,138.0,0.0
190,1,57.0,152.0,0.0,144.0,0.0
190,1,58.0,155.0,0.0,149.0,0.0
190,1,59.0,158.0,0.0,151.0,0.0
190,1,60.0,160.0,0.0,154.0,0.0
190,1,61.0,156.0,0.0,157.0,0.0
190,1,62.0,161.0,0.0,163.0,0.0
190,1,63.0,165.0,0.0,167.0,0.0
190,1,64.0,167.0,0.0,169.0,0.0
190,1,65.0,172.0,0.0,172.0,0.0
190,1,66.0,176.0,0.0,175.0,0.0
190,1,67.0,172.0,0.0,176.0,0.0
190,1,68.0,175.0,0.0,183.0,0.0
190,1,69.0,176.0,0.0,186.0,0.0
190,1,70.0,174.0,0.0,193.0,0.0
190,1,71.0,174.0,0.0,201.0,0.0
190,1,72.0,176.0,0.0,208.0,0.0
190,1,73.0,176.0,0.0,214.0,0.0
190,1,74.0,179.0,0.0,219.0,0.0
190,1,75.0,179.0,0.0,223.0,0.0
190,1,76.0,182.0,0.0,226.0,0.0
190,1,77.0,181.0,0.0,227.0,0.0
190,1,78.0,180.0,0.0,235.0,0.0
190,1,79.0,186.0,0.0,241.0,0.0
190,1,80.0,184.0,2.0,244.0,0.0
190,1,81.0,182.0,4.0,250.0,0.0
190,1,82.0,182.0,1.0,258.0,0.0
190,1,83.0,188.0,0.0,266.0,0.0
190,1,84.0,183.0,3.0,267.0,0.0
190,1,85.0,182.0,1.0,274.0,0.0
190,1,86.0,180.0,0.0,282.0,0.0
190,1,87.0,183.0,0.0,288.0,0.0
190,1,88.0,185.0,1.0,293.0,0.0
190,1,89.0,186.0,4.0,298.0,0.0
190,1,90.0,181.0,7.0,302.0,0.0
190,1,91.0,183.0,5.0,311.0,0.0
190,1,92.0,185.0,2.0,318.0,0.0
190,1,93.0,185.0,1.0,323.0,0.0
190,1,94.0,182.0,0.0,328.0,0.0
190,1,95.0,185.0,0.0,335.0,0.0
190,1,96.0,182.0,0.0,337.0,0.0
190,1,97.0,183.0,0.0,344.0,0.0
190,1,98.0,176.0,0.0,350.0,0.0
190,1,99.0,180.0,0.0,359.0,0.0
190,1,100.0,182.0,0.0,365.0,0.0
190,1,101.0,186.0,0.0,369.0,0.0
190,1,102.0,186.0,2.0,372.0,0.0
190,1,103.0,184.0,2.0,376.0,0.0
190,1,104.0,184.0,0.0,382.0,0.0
190,1,105.0,185.0,3.0,386.0,0.0
190,1,106.0,187.0,3.0,391.0,0.0
190,1,107.0,184.0,4.0,394.0,0.0
190,1,108.0,187.0,4.0,400.0,0.0
190,1,109.0,182.0,7.0,403.0,0.0
190,1,110.0,184.0,9.0,411.0,0.0
190,1,111.0,183.0,9.0,417.0,0.0
190,1,112.0,188.0,6.0,424.0,0.0
190,1,113.0,181.0,9.0,426.0,0.0
190,1,114.0,180.0,9.0,435.0,0.0
190,1,115.0,182.0,3.0,445.0,0.0
190,1,116.0,184.0,3.0,453.0,0.0
190,1,117.0,183.0,4.0,459.0,0.0
190,1,118.0,182.0,0.0,466.0,0.0
190,1,119.0,184.0,0.0,473.0,0.0
190,1,120.0,178.0,0.0,476.0,0.0
190,1,121.0,171.0,0.0,482.0,0.0
190,1,122.0,164.0,0.0,489.0,0.0
190,1,123.0,157.0,0.0,496.0,0.0
190,1,124.0,147.0,0.0,503.0,0.0
190,1,125.0,140.0,0.0,513.0,0.0
190,1,126.0,136.0,0.0,520.0,0.0
190,1,127.0,133.0,0.0,524.0,0.0
190,1,128.0,123.0,0.0,527.0,0.0
190,1,129.0,121.0,0.0,537.0,0.0
190,1,130.0,113.0,0.0,539.0,0.0
190,1,131.0,105.0,0.0,547.0,0.0
190,1,132.0,98.0,0.0,555.0,0.0
190,1,133.0,94.0,0.0,562.0,0.0
190,1,134.0,91.0,0.0,566.0,0.0
190,1,135.0,86.0,0.0,569.0,0.0
190,1,136.0,83.0,0.0,574.0,0.0
190,1,137.0,78.0,0.0,577.0,0.0
190,1,138.0,71.0,0.0,582.0,0.0
190,1,139.0,61.0,0.0,589.0,0.0
190,1,140.0,53.0,0.0,599.0,0.0
190,1,141.0,46.0,0.0,607.0,0.0
190,1,142.0,43.0,0.0,614.0,0.0
190,1,143.0,36.0,0.0,617.0,0.0
190,1,144.0,33.0,0.0,624.0,0.0
190,1,145.0,31.0,0.0,627.0,0.0
190,1,146.0,30.0,0.0,629.0,0.0
190,1,147.0,28.0,0.0,630.0,0.0
190,1,148.0,27.0,0.0,632.0,0.0
190,1,149.0,25.0,0.0,633.0,0.0
190,1,150.0,24.0,0.0,635.0,0.0
190,1,151.0,24.0,0.0,636.0,0.0
190,1,152.0,22.0,0.0,636.0,0.0
190,1,153.0,19.0,0.0,638.0,0.0
190,1,154.0,18.0,0.0,641.0,0.0
190,1,155.0,17.0,0.0,642.0,0.0
190,1,156.0,16.0,0.0,643.0,0.0
190,1,157.0,16.0,0.0,644.0,0.0
190,1,158.0,16.0,0.0,644.0,0.0
190,1,159.0,15.0,0.0,644.0,0.0
190,1,160.0,15.0,0.0,645.0,0.0
190,1,161.0,14.0,0.0,645.0,0.0
190,1,162.0,13.0,0.0,646.0,0.0
190,1,163.0,11.0,0.0,647.0,0.0
190,1,164.0,11.0,0.0,649.0,0.0
190,1,165.0,9.0,0.0,649.0,0.0
190,1,166.0,8.0,0.0,651.0,0.0
190,1,167.0,7.0,0.0,652.0,0.0
190,1,168.0,7.0,0.0,653.0,0.0
190,1,169.0,7.0,0.0,653.0,0.0
190,1,170.0,6.0,0.0,653.0,0.0
190,1,171.0,4.0,0.0,654.0,0.0
190,1,172.0,4.0,0.0,656.0,0.0
190,1,173.0,4.0,0.0,656.0,0.0
190,1,174.0,3.0,0.0,656.0,0.0
190,1,175.0,3.0,0.0,657.0,0.0
190,1,176.0,3.0,0.0,657.0,0.0
190,1,177.0,2.0,0.0,657.0,0.0
190,1,178.0,2.0,0.0,658.0,0.0
190,1,179.0,2.0,0.0,658.0,0.0
190,1,180.0,1.0,0.0,658.0,0.0
190,1,181.0,1.0,0.0,659.0,0.0
190,1,182.0,1.0,0.0,659.0,0.0
190,1,183.0,1.0,0.0,659.0,0.0
190,1,184.0,1.0,0.0,659.0,0.0
190,1,185.0,1.0,0.0,659.0,0.0
190,1,186.0,1.0,0.0,659.0,0.0
190,1,187.0,1.0,0.0,659.0,0.0
190,1,188.0,1.0,0.0,659.0,0.0
190,1,189.0,0.0,0.0,659.0,0.0
190,1,190.0,0.0,0.0,660.0,0.0
215,2,0.0,6.0,0.0,0.0,0.0
215,2,1.0,10.0,0.0,0.0,0.0
215,2,2.0,17.0,0.0,0.0,0.0
215,2,3.0,19.0,0.0,0.0,0.0
215,2,4.0,26.0,0.0,0.0,0.0
215,2,5.0,33.0,0.0,0.0,0.0
215,2,6.0,37.0,0.0,0.0,0.0
215,2,7.0,42.0,0.0,0.0,0.0
215,2,8.0,48.0,0.0,0.0,0.0
215,2,9.0,53.0,0.0,0.0,0.0
215,2,10.0,60.0,0.0,0.0,0.0
215,2,11.0,66.0,0.0,0.0,0.0
215,2,12.0,70.0,0.0,0.0,0.0
215,2,13.0,74.0,0.0,0.0,0.0
215,2,14.0,77.0,0.0,0.0,0.0
215,2,15.0,79.0,0.0,0.0,0.0
215,2,16.0,80.0,0.0,1.0,0.0
215,2,17.0,88.0,0.0,2.0,0.0
215,2,18.0,94.0,0.0,2.0,0.0
215,2,19.0,97.0,0.0,2.0,0.0
215,2,20.0,104.0,0.0,3.0,0.0
215,2,21.0,108.0,0.0,3.0,0.0
215,2,22.0,108.0,0.0,3.0,0.0
215,2,23.0,112.0,0.0,6.0,0.0
215,2,24.0,113.0,0.0,7.0,0.0
215,2,25.0,118.0,0.0,11.0,0.0
215,2,26.0,119.0,0.0,13.0,0.0
215,2,27.0,123.0,0.0,16.0,0.0
215,2,28.0,128.0,0.0,19.0,0.0
215,2,29.0,129.0,0.0,23.0,0.0
215,2,30.0,133.0,0.0,25.0,0.0
215,2,31.0,135.0,0.0,27.0,0.0
215,2,32.0,135.0,0.0,30.0,0.0
215,2,33.0,136.0,0.0,31.0,0.0
215,2,34.0,133.0,0.0,36.0,0.0
215,2,35.0,135.0,0.0,42.0,0.0
215,2,36.0,143.0,0.0,45.0,0.0
215,2,37.0,146.0,0.0,47.0,0.0
215,2,38.0,150.0,0.0,50.0,0.0
215,2,39.0,151.0,0.0,53.0,0.0
215,2,40.0,153.0,0.0,57.0,0.0
215,2,41.0,151.0,0.0,62.0,0.0
215,2,42.0,149.0,0.0,67.0,0.0
215,2,43.0,144.0,0.0,73.0,0.0
215,2,44.0,148.0,0.0,81.0,0.0
215,2,45.0,148.0,0.0,82.0,0.0
215,2,46.0,148.0,0.0,87.0,0.0
215,2,47.0,149.0,0.0,89.0,0.0
215,2,48.0,150.0,0.0,93.0,0.0
215,2,49.0,150.0,0.0,97.0,0.0
215,2,50.0,151.0,0.0,102.0,0.0
215,2,51.0,149.0,0.0,108.0,0.0
215,2,52.0,154.0,0.0,113.0,0.0
215,2,53.0,155.0,0.0,116.0,0.0
215,2,54.0,152.0,0.0,120.0,0.0
215,2,55.0,150.0,0.0,129.0,0.0
215,2,56.0,149.0,0.0,138.0,0.0
215,2,57.0,152.0,0.0,144.0,0.0
215,2,58.0,155.0,0.0,149.0,0.0
215,2,59.0,158.0,0.0,151.0,0.0
215,2,60.0,160.0,0.0,154.0,0.0
215,2,61.0,156.0,0.0,157.0,0.0
215,2,62.0,161.0,0.0,163.0,0.0
215,2,63.0,165.0,0.0,167.0,0.0
215,2,64.0,167.0,0.0,169.0,0.0
215,2,65.0,172.0,0.0,172.0,0.0
215,2,66.0,176.0,0.0,175.0,0.0
215,2,67.0,172.0,0.0,176.0,0.0
215,2,68.0,175.0,0.0,183.0,0.0
215,2,69.0,176.0,0.0,186.0,0.0
215,2,70.0,174.0,0.0,193.0,0.0
215,2,71.0,174.0,0.0,201.0,0.0
215,2,72.0,176.0,0.0,208.0,0.0
215,2,73.0,176.0,0.0,214.0,0.0
215,2,74.0,179.0,0.0,219.0,0.0
215,2,75.0,179.0,0.0,223.0,0.0
215,2,76.0,182.0,0.0,226.0,0.0
215,2,77.0,181.0,0.0,227.0,0.0
215,2,78.0,180.0,0.0,235.0,0.0
215,2,79.0,186.0,0.0,241.0,0.0
215,2,80.0,186.0,0.0,244.0,0.0
215,2,81.0,186.0,0.0,250.0,0.0
215,2,82.0,183.0,0.0,258.0,0.0
215,2,83.0,188.0,0.0,266.0,0.0
215,2,84.0,186.0,0.0,267.0,0.0
215,2,85.0,183.0,0.0,274.0,0.0
215,2,86.0,180.0,0.0,282.0,0.0
215,2,87.0,183.0,0.0,288.0,0.0
215,2,88.0,186.0,0.0,293.0,0.0
215,2,89.0,190.0,0.0,298.0,0.0
215,2,90.0,188.0,0.0,302.0,0.0
215,2,91.0,188.0,0.0,311.0,0.0
215,2,92.0,187.0,0.0,318.0,0.0
215,2,93.0,186.0,0.0,323.0,0.0
215,2,94.0,182.0,0.0,328.0,0.0
215,2,95.0,185.0,0.0,335.0,0.0
215,2,96.0,182.0,0.0,337.0,0.0
215,2,97.0,183.0,0.0,344.0,0.0
215,2,98.0,176.0,0.0,350.0,0.0
215,2,99.0,180.0,0.0,359.0,0.0
215,2,100.0,182.0,0.0,365.0,0.0
215,2,101.0,186.0,0.0,369.0,0.0
215,2,102.0,187.0,0.0,372.0,0.0
215,2,103.0,186.0,0.0,377.0,0.0
215,2,104.0,183.0,0.0,382.0,0.0
215,2,105.0,187.0,0.0,387.0,0.0
215,2,106.0,188.0,0.0,392.0,0.0
215,2,107.0,188.0,0.0,396.0,0.0
215,2,108.0,189.0,0.0,400.0,0.0
215,2,109.0,188.0,0.0,405.0,0.0
215,2,110.0,193.0,0.0,412.0,0.0
215,2,111.0,192.0,0.0,417.0,0.0
215,2,112.0,193.0,0.0,424.0,0.0
215,2,113.0,188.0,0.0,427.0,0.0
215,2,114.0,186.0,0.0,437.0,0.0
215,2,115.0,182.0,0.0,448.0,0.0
215,2,116.0,185.0,0.0,456.0,0.0
215,2,117.0,185.0,0.0,461.0,0.0
215,2,118.0,181.0,0.0,468.0,0.0
215,2,119.0,182.0,0.0,474.0,0.0
215,2,120.0,177.0,0.0,478.0,0.0
215,2,121.0,169.0,0.0,483.0,0.0
215,2,122.0,162.0,0.0,491.0,0.0
215,2,123.0,156.0,0.0,498.0,0.0
215,2,124.0,147.0,0.0,504.0,0.0
215,2,125.0,140.0,0.0,513.0,0.0
215,2,126.0,134.0,0.0,520.0,0.0
215,2,127.0,129.0,0.0,526.0,0.0
215,2,128.0,123.0,0.0,531.0,0.0
215,2,129.0,117.0,0.0,537.0,0.0
215,2,130.0,106.0,0.0,543.0,0.0
215,2,131.0,102.0,0.0,554.0,0.0
215,2,132.0,94.0,0.0,558.0,0.0
215,2,133.0,91.0,0.0,566.0,0.0
215,2,134.0,88.0,0.0,569.0,0.0
215,2,135.0,83.0,0.0,572.0,0.0
215,2,136.0,78.0,0.0,577.0,0.0
215,2,137.0,73.0,0.0,582.0,0.0
215,2,138.0,65.0,0.0,587.0,0.0
215,2,139.0,56.0,0.0,595.0,0.0
215,2,140.0,51.0,0.0,604.0,0.0
215,2,141.0,44.0,0.0,609.0,0.0
215,2,142.0,43.0,0.0,616.0,0.0
215,2,143.0,34.0,0.0,617.0,0.0
215,2,144.0,31.0,0.0,626.0,0.0
215,2,145.0,30.0,0.0,629.0,0.0
215,2,146.0,30.0,0.0,630.0,0.0
215,2,147.0,28.0,0.0,630.0,0.0
215,2,148.0,26.0,0.0,632.0,0.0
215,2,149.0,25.0,0.0,634.0,0.0
215,2,150.0,24.0,0.0,635.0,0.0
215,2,151.0,23.0,0.0,636.0,0.0
215,2,152.0,20.0,0.0,637.0,0.0
215,2,153.0,19.0,0.0,640.0,0.0
215,2,154.0,17.0,0.0,641.0,0.0
215,2,155.0,17.0,0.0,643.0,0.0
215,2,156.0,16.0,0.0,643.0,0.0
215,2,157.0,16.0,0.0,644.0,0.0
215,2,158.0,16.0,0.0,644.0,0.0
215,2,159.0,15.0,0.0,644.0,0.0
215,2,160.0,14.0,0.0,645.0,0.0
215,2,161.0,14.0,0.0,646.0,0.0
215,2,162.0,11.0,0.0,646.0,0.0
215,2,163.0,11.0,0.0,649.0,0.0
215,2,164.0,10.0,0.0,649.0,0.0
215,2,165.0,9.0,0.0,650.0,0.0
215,2,166.0,8.0,0.0,651.0,0.0
215,2,167.0,7.0,0.0,652.0,0.0
215,2,168.0,7.0,0.0,653.0,0.0
215,2,169.0,7.0,0.0,653.0,0.0
215,2,170.0,4.0,0.0,653.0,0.0
215,2,171.0,4.0,0.0,656.0,0.0
215,2,172.0,4.0,0.0,656.0,0.0
215,2,173.0,3.0,0.0,656.0,0.0
215,2,174.0,3.0,0.0,657.0,0.0
215,2,175.0,3.0,0.0,657.0,0.0
215,2,176.0,2.0,0.0,657.0,0.0
215,2,177.0,2.0,0.0,658.0,0.0
215,2,178.0,2.0,0.0,658.0,0.0
215,2,179.0,1.0,0.0,658.0,0.0
215,2,180.0,1.0,0.0,659.0,0.0
215,2,181.0,1.0,0.0,659.0,0.0
215,2,182.0,1.0,0.0,659.0,0.0
215,2,183.0,1.0,0.0,659.0,0.0
215,2,184.0,1.0,0.0,659.0,0.0
215,2,185.0,1.0,0.0,659.0,0.0
215,2,186.0,1.0,0.0,659.0,0.0
215,2,187.0,1.0,0.0,659.0,0.0
215,2,188.0,0.0,0.0,659.0,0.0
215,2,189.0,0.0,0.0,660.0,0.0
