beds.slots,world_id,id,condition,arrived,waiting,bed_time,treated,died
165,0,0,A,0.0,0.0,24.0,24.0,
165,0,1,B,0.0,0.0,27.0,27.0,
165,0,2,B,0.0,0.0,26.0,26.0,
165,0,3,B,0.0,0.0,22.0,22.0,
165,0,4,B,0.0,0.0,28.0,28.0,
165,0,5,C,0.0,0.0,40.0,40.0,
165,0,6,A,1.0,0.0,24.0,25.0,
165,0,7,B,1.0,0.0,27.0,28.0,
165,0,8,B,1.0,0.0,33.0,34.0,
165,0,9,C,1.0,0.0,54.0,55.0,
165,0,10,B,2.0,0.0,13.0,15.0,
165,0,11,B,2.0,0.0,40.0,42.0,
165,0,12,B,2.0,0.0,33.0,35.0,
165,0,13,B,2.0,0.0,29.0,31.0,
165,0,14,C,2.0,0.0,59.0,61.0,
165,0,15,B,2.0,0.0,20.0,22.0,
165,0,16,A,2.0,0.0,24.0,26.0,
165,0,17,B,3.0,0.0,21.0,24.0,
165,0,18,A,3.0,0.0,24.0,27.0,
165,0,19,C,4.0,0.0,30.0,34.0,
165,0,20,C,4.0,0.0,51.0,55.0,
165,0,21,B,4.0,0.0,18.0,22.0,
165,0,22,B,4.0,0.0,23.0,27.0,
165,0,23,B,4.0,0.0,15.0,19.0,
165,0,24,A,4.0,0.0,24.0,28.0,
165,0,25,C,4.0,0.0,31.0,35.0,
165,0,26,C,5.0,0.0,45.0,50.0,
165,0,27,C,5.0,0.0,44.0,49.0,
165,0,28,C,5.0,0.0,42.0,47.0,
165,0,29,A,5.0,0.0,24.0,29.0,
165,0,30,B,5.0,0.0,11.0,16.0,
165,0,31,B,5.0,0.0,29.0,34.0,
165,0,32,B,5.0,0.0,20.0,25.0,
165,0,33,C,6.0,0.0,71.0,77.0,
165,0,34,A,6.0,0.0,24.0,30.0,
165,0,35,B,6.0,0.0,32.0,38.0,
165,0,36,B,6.0,0.0,28.0,34.0,
165,0,37,C,7.0,0.0,36.0,43.0,
165,0,38,B,7.0,0.0,26.0,33.0,
165,0,39,B,7.0,0.0,30.0,37.0,
165,0,40,A,7.0,0.0,24.0,31.0,
165,0,41,B,7.0,0.0,26.0,33.0,
165,0,42,C,8.0,0.0,34.0,42.0,
165,0,43,C,8.0,0.0,55.0,63.0,
165,0,44,B,8.0,0.0,20.0,28.0,
165,0,45,B,8.0,0.0,18.0,26.0,
165,0,46,A,8.0,0.0,24.0,32.0,
165,0,47,C,8.0,0.0,57.0,65.0,
165,0,48,B,9.0,0.0,24.0,33.0,
165,0,49,B,9.0,0.0,27.0,36.0,
165,0,50,B,9.0,0.0,29.0,38.0,
165,0,51,A,9.0,0.0,24.0,33.0,
165,0,52,C,9.0,0.0,62.0,71.0,
165,0,53,B,10.0,0.0,29.0,39.0,
165,0,54,A,10.0,0.0,24.0,34.0,
165,0,55,B,10.0,0.0,13.0,23.0,
165,0,56,B,10.0,0.0,29.0,39.0,
165,0,57,C,10.0,0.0,71.0,81.0,
165,0,58,C,10.0,0.0,60.0,70.0,
165,0,59,C,10.0,0.0,41.0,51.0,
165,0,60,B,11.0,0.0,18.0,29.0,
165,0,61,B,11.0,0.0,29.0,40.0,
165,0,62,C,11.0,0.0,61.0,72.0,
165,0,63,C,11.0,0.0,62.0,73.0,
165,0,64,C,11.0,0.0,58.0,69.0,
165,0,65,A,11.0,0.0,24.0,35.0,
165,0,66,A,12.0,0.0,24.0,36.0,
165,0,67,C,12.0,0.0,63.0,75.0,
165,0,68,B,12.0,0.0,28.0,40.0,
165,0,69,B,12.0,0.0,29.0,41.0,
165,0,70,B,13.0,0.0,26.0,39.0,
165,0,71,A,13.0,0.0,24.0,37.0,
165,0,72,B,13.0,0.0,11.0,24.0,
165,0,73,B,13.0,0.0,18.0,31.0,
165,0,74,B,14.0,0.0,26.0,40.0,
165,0,75,C,14.0,0.0,66.0,80.0,
165,0,76,A,14.0,0.0,24.0,38.0,
165,0,77,C,15.0,0.0,39.0,54.0,
165,0,78,B,15.0,0.0,34.0,49.0,
165,0,79,A,15.0,0.0,24.0,39.0,
165,0,80,B,16.0,0.0,26.0,42.0,
165,0,81,A,16.0,0.0,24.0,40.0,
165,0,82,B,17.0,0.0,7.0,24.0,
165,0,83,B,17.0,0.0,31.0,48.0,
165,0,84,B,17.0,0.0,26.0,43.0,
165,0,85,B,17.0,0.0,20.0,37.0,
165,0,86,C,17.0,0.0,24.0,41.0,
165,0,87,A,17.0,0.0,24.0,41.0,
165,0,88,C,17.0,0.0,52.0,69.0,
165,0,89,C,17.0,0.0,61.0,78.0,
165,0,90,A,18.0,0.0,24.0,42.0,
165,0,91,B,18.0,0.0,25.0,43.0,
165,0,92,B,18.0,0.0,25.0,43.0,
165,0,93,B,18.0,0.0,12.0,30.0,
165,0,94,B,18.0,0.0,31.0,49.0,
165,0,95,C,18.0,0.0,51.0,69.0,
165,0,96,B,19.0,0.0,22.0,41.0,
165,0,97,B,19.0,0.0,14.0,33.0,
165,0,98,B,19.0,0.0,15.0,34.0,
165,0,99,A,19.0,0.0,24.0,43.0,
165,0,100,B,20.0,0.0,23.0,43.0,
165,0,101,C,20.0,0.0,32.0,52.0,
165,0,102,A,20.0,0.0,24.0,44.0,
165,0,103,B,20.0,0.0,23.0,43.0,
165,0,104,B,20.0,0.0,28.0,48.0,
165,0,105,B,20.0,0.0,31.0,51.0,
165,0,106,B,20.0,0.0,23.0,43.0,
165,0,107,A,21.0,0.0,24.0,45.0,
165,0,108,B,21.0,0.0,25.0,46.0,
165,0,109,C,21.0,0.0,63.0,84.0,
165,0,110,B,21.0,0.0,28.0,49.0,
165,0,111,B,22.0,0.0,26.0,48.0,
165,0,112,B,22.0,0.0,23.0,45.0,
165,0,113,A,22.0,0.0,24.0,46.0,
165,0,114,C,23.0,0.0,38.0,61.0,
165,0,115,B,23.0,0.0,28.0,51.0,
165,0,116,B,23.0,0.0,18.0,41.0,
165,0,117,A,23.0,0.0,24.0,47.0,
165,0,118,B,23.0,0.0,19.0,42.0,
165,0,119,A,24.0,0.0,24.0,48.0,
165,0,120,C,24.0,0.0,28.0,52.0,
165,0,121,B,24.0,0.0,30.0,54.0,
165,0,122,B,24.0,0.0,23.0,47.0,
165,0,123,C,24.0,0.0,46.0,70.0,
165,0,124,C,25.0,0.0,61.0,86.0,
165,0,125,C,25.0,0.0,37.0,62.0,
165,0,126,C,25.0,0.0,68.0,93.0,
165,0,127,B,25.0,0.0,20.0,45.0,
165,0,128,A,25.0,0.0,24.0,49.0,
165,0,129,B,25.0,0.0,20.0,45.0,
165,0,130,B,25.0,0.0,22.0,47.0,
165,0,131,B,26.0,0.0,29.0,55.0,
165,0,132,B,26.0,0.0,27.0,53.0,
165,0,133,B,26.0,0.0,29.0,55.0,
165,0,134,A,26.0,0.0,24.0,50.0,
165,0,135,A,27.0,0.0,24.0,51.0,
165,0,136,C,27.0,0.0,47.0,74.0,
165,0,137,C,27.0,0.0,71.0,98.0,
165,0,138,C,27.0,0.0,69.0,96.0,
165,0,139,B,27.0,0.0,23.0,50.0,
165,0,140,B,27.0,0.0,30.0,57.0,
165,0,141,B,27.0,0.0,30.0,57.0,
165,0,142,C,28.0,0.0,50.0,78.0,
165,0,143,B,28.0,0.0,17.0,45.0,
165,0,144,B,28.0,0.0,28.0,56.0,
165,0,145,B,28.0,0.0,22.0,50.0,
165,0,146,B,28.0,0.0,29.0,57.0,
165,0,147,B,28.0,0.0,33.0,61.0,
165,0,148,B,28.0,0.0,25.0,53.0,
165,0,149,B,28.0,0.0,26.0,54.0,
165,0,150,A,28.0,0.0,24.0,52.0,
165,0,151,A,29.0,0.0,24.0,53.0,
165,0,152,B,29.0,0.0,27.0,56.0,
165,0,153,C,29.0,0.0,56.0,85.0,
165,0,154,A,30.0,0.0,24.0,54.0,
165,0,155,B,30.0,0.0,21.0,51.0,
165,0,156,B,30.0,0.0,20.0,50.0,
165,0,157,B,30.0,0.0,25.0,55.0,
165,0,158,B,30.0,0.0,12.0,42.0,
165,0,159,C,30.0,0.0,25.0,55.0,
165,0,160,B,31.0,0.0,23.0,54.0,
165,0,161,B,31.0,0.0,31.0,62.0,
165,0,162,B,31.0,0.0,24.0,55.0,
165,0,163,A,31.0,0.0,24.0,55.0,
165,0,164,C,31.0,0.0,30.0,61.0,
165,0,165,A,32.0,0.0,24.0,56.0,
165,0,166,C,33.0,0.0,53.0,86.0,
165,0,167,C,33.0,0.0,51.0,84.0,
165,0,168,B,33.0,0.0,36.0,69.0,
165,0,169,B,33.0,0.0,21.0,54.0,
165,0,170,A,33.0,0.0,24.0,57.0,
165,0,171,B,33.0,0.0,21.0,54.0,
165,0,172,B,34.0,0.0,22.0,56.0,
165,0,173,B,34.0,0.0,21.0,55.0,
165,0,174,A,34.0,0.0,24.0,58.0,
165,0,175,B,35.0,0.0,35.0,70.0,
165,0,176,A,35.0,0.0,24.0,59.0,
165,0,177,C,35.0,0.0,56.0,91.0,
165,0,178,C,35.0,0.0,67.0,102.0,
165,0,179,C,35.0,0.0,32.0,67.0,
165,0,180,B,36.0,0.0,18.0,54.0,
165,0,181,B,36.0,0.0,36.0,72.0,
165,0,182,B,36.0,0.0,31.0,67.0,
165,0,183,B,36.0,0.0,17.0,53.0,
165,0,184,B,36.0,0.0,14.0,50.0,
165,0,185,B,36.0,0.0,21.0,57.0,
165,0,186,C,36.0,0.0,64.0,100.0,
165,0,187,A,36.0,0.0,24.0,60.0,
165,0,188,C,36.0,0.0,24.0,60.0,
165,0,189,C,36.0,0.0,55.0,91.0,
165,0,190,A,37.0,0.0,24.0,61.0,
165,0,191,C,37.0,0.0,34.0,71.0,
165,0,192,B,37.0,0.0,17.0,54.0,
165,0,193,B,37.0,0.0,19.0,56.0,
165,0,194,C,37.0,0.0,72.0,109.0,
165,0,195,C,37.0,0.0,55.0,92.0,
165,0,196,C,38.0,0.0,32.0,70.0,
165,0,197,B,38.0,0.0,18.0,56.0,
165,0,198,B,38.0,0.0,29.0,67.0,
165,0,199,B,38.0,0.0,33.0,71.0,
165,0,200,C,38.0,0.0,50.0,88.0,
165,0,201,A,38.0,0.0,24.0,62.0,
165,0,202,C,38.0,0.0,34.0,72.0,
165,0,203,A,39.0,0.0,24.0,63.0,
165,0,204,B,39.0,0.0,21.0,60.0,
165,0,205,B,39.0,0.0,20.0,59.0,
165,0,206,C,39.0,0.0,59.0,98.0,
165,0,207,B,39.0,0.0,28.0,67.0,
165,0,208,B,40.0,0.0,22.0,62.0,
165,0,209,B,40.0,0.0,27.0,67.0,
165,0,210,A,40.0,0.0,24.0,64.0,
165,0,211,C,40.0,0.0,65.0,105.0,
165,0,212,C,40.0,0.0,30.0,70.0,
165,0,213,B,40.0,0.0,25.0,65.0,
165,0,214,B,40.0,0.0,19.0,59.0,
165,0,215,B,41.0,0.0,27.0,68.0,
165,0,216,A,41.0,0.0,24.0,65.0,
165,0,217,C,41.0,0.0,44.0,85.0,
165,0,218,B,42.0,0.0,22.0,64.0,
165,0,219,B,42.0,0.0,19.0,61.0,
165,0,220,B,42.0,0.0,31.0,73.0,
165,0,221,A,42.0,0.0,24.0,66.0,
165,0,222,B,43.0,0.0,27.0,70.0,
165,0,223,A,43.0,0.0,24.0,67.0,
165,0,224,B,43.0,0.0,28.0,71.0,
165,0,225,C,44.0,0.0,31.0,75.0,
165,0,226,A,44.0,0.0,24.0,68.0,
165,0,227,C,44.0,0.0,52.0,96.0,
165,0,228,C,44.0,0.0,52.0,96.0,
165,0,229,B,44.0,0.0,20.0,64.0,
165,0,230,A,45.0,0.0,24.0,69.0,
165,0,231,B,45.0,0.0,27.0,72.0,
165,0,232,C,45.0,0.0,24.0,69.0,
165,0,233,C,45.0,0.0,64.0,109.0,
165,0,234,B,45.0,0.0,28.0,73.0,
165,0,235,A,46.0,0.0,24.0,70.0,
165,0,236,B,46.0,0.0,25.0,71.0,
165,0,237,B,47.0,0.0,11.0,58.0,
165,0,238,B,47.0,0.0,27.0,74.0,
165,0,239,B,47.0,0.0,35.0,82.0,
165,0,240,C,47.0,0.0,67.0,114.0,
165,0,241,A,47.0,0.0,24.0,71.0,
165,0,242,C,48.0,0.0,29.0,77.0,
165,0,243,B,48.0,0.0,25.0,73.0,
165,0,244,A,48.0,0.0,24.0,72.0,
165,0,245,B,48.0,0.0,29.0,77.0,
165,0,246,B,48.0,0.0,21.0,69.0,
165,0,247,B,49.0,0.0,31.0,80.0,
165,0,248,B,49.0,0.0,31.0,80.0,
165,0,249,B,49.0,0.0,33.0,82.0,
165,0,250,C,49.0,0.0,37.0,86.0,
165,0,251,A,49.0,0.0,24.0,73.0,
165,0,252,A,50.0,0.0,24.0,74.0,
165,0,253,B,50.0,0.0,18.0,68.0,
165,0,254,B,50.0,0.0,17.0,67.0,
165,0,255,C,50.0,0.0,31.0,81.0,
165,0,256,B,50.0,0.0,31.0,81.0,
165,0,257,C,50.0,0.0,70.0,120.0,
165,0,258,B,50.0,0.0,27.0,77.0,
165,0,259,A,51.0,0.0,24.0,75.0,
165,0,260,B,51.0,0.0,34.0,85.0,
165,0,261,C,51.0,0.0,64.0,115.0,
165,0,262,B,52.0,0.0,20.0,72.0,
165,0,263,B,52.0,0.0,26.0,78.0,
165,0,264,B,52.0,0.0,19.0,71.0,
165,0,265,A,52.0,0.0,24.0,76.0,
165,0,266,B,52.0,0.0,32.0,84.0,
165,0,267,C,52.0,0.0,30.0,82.0,
165,0,268,C,52.0,0.0,63.0,115.0,
165,0,269,C,52.0,0.0,38.0,90.0,
165,0,270,A,53.0,0.0,24.0,77.0,
165,0,271,C,53.0,0.0,71.0,124.0,
165,0,272,C,53.0,0.0,64.0,117.0,
165,0,273,C,53.0,0.0,70.0,123.0,
165,0,274,B,53.0,0.0,24.0,77.0,
165,0,275,C,54.0,0.0,54.0,108.0,
165,0,276,C,54.0,0.0,25.0,79.0,
165,0,277,C,54.0,0.0,58.0,112.0,
165,0,278,A,54.0,0.0,24.0,78.0,
165,0,279,B,54.0,0.0,30.0,84.0,
165,0,280,B,54.0,0.0,35.0,89.0,
165,0,281,B,55.0,0.0,31.0,86.0,
165,0,282,B,55.0,0.0,25.0,80.0,
165,0,283,B,55.0,0.0,22.0,77.0,
165,0,284,C,55.0,0.0,58.0,113.0,
165,0,285,C,55.0,0.0,52.0,107.0,
165,0,286,C,55.0,0.0,43.0,98.0,
165,0,287,A,55.0,0.0,24.0,79.0,
165,0,288,A,56.0,0.0,24.0,80.0,
165,0,289,B,56.0,0.0,24.0,80.0,
165,0,290,C,56.0,0.0,29.0,85.0,
165,0,291,B,56.0,0.0,14.0,70.0,
165,0,292,C,56.0,0.0,40.0,96.0,
165,0,293,C,57.0,0.0,24.0,81.0,
165,0,294,C,57.0,0.0,41.0,98.0,
165,0,295,A,57.0,0.0,24.0,81.0,
165,0,296,C,57.0,0.0,56.0,113.0,
165,0,297,B,57.0,0.0,25.0,82.0,
165,0,298,B,57.0,0.0,33.0,90.0,
165,0,299,B,57.0,0.0,32.0,89.0,
165,0,300,B,57.0,0.0,30.0,87.0,
165,0,301,C,58.0,0.0,51.0,109.0,
165,0,302,B,58.0,0.0,23.0,81.0,
165,0,303,B,58.0,0.0,20.0,78.0,
165,0,304,A,58.0,0.0,24.0,82.0,
165,0,305,C,58.0,0.0,63.0,121.0,
165,0,306,A,59.0,0.0,24.0,83.0,
165,0,307,C,59.0,0.0,67.0,126.0,
165,0,308,C,59.0,0.0,66.0,125.0,
165,0,309,C,59.0,0.0,66.0,125.0,
165,0,310,B,59.0,0.0,28.0,87.0,
165,0,311,B,59.0,0.0,15.0,74.0,
165,0,312,A,60.0,0.0,24.0,84.0,
165,0,313,C,60.0,0.0,40.0,100.0,
165,0,314,C,60.0,0.0,37.0,97.0,
165,0,315,C,60.0,0.0,70.0,130.0,
165,0,316,B,60.0,0.0,33.0,93.0,
165,0,317,B,61.0,0.0,21.0,82.0,
165,0,318,A,61.0,0.0,24.0,85.0,
165,0,319,B,62.0,0.0,17.0,79.0,
165,0,320,C,62.0,0.0,25.0,87.0,
165,0,321,C,62.0,0.0,24.0,86.0,
165,0,322,B,62.0,0.0,23.0,85.0,
165,0,323,A,62.0,0.0,24.0,86.0,
165,0,324,B,62.0,0.0,20.0,82.0,
165,0,325,B,62.0,0.0,36.0,98.0,
165,0,326,B,62.0,0.0,26.0,88.0,
165,0,327,B,62.0,0.0,32.0,94.0,
165,0,328,B,63.0,0.0,22.0,85.0,
165,0,329,B,63.0,0.0,21.0,84.0,
165,0,330,A,63.0,0.0,24.0,87.0,
165,0,331,B,63.0,0.0,21.0,84.0,
165,0,332,C,63.0,1.0,71.0,135.0,
165,0,333,C,63.0,1.0,51.0,115.0,
165,0,334,A,64.0,1.0,24.0,89.0,
165,0,335,B,64.0,1.0,31.0,96.0,
165,0,336,B,64.0,1.0,13.0,78.0,
165,0,337,B,64.0,2.0,18.0,84.0,
165,0,338,B,64.0,2.0,14.0,80.0,
165,0,339,C,65.0,1.0,31.0,97.0,
165,0,340,B,65.0,2.0,23.0,90.0,
165,0,341,B,65.0,3.0,23.0,91.0,
165,0,342,B,65.0,3.0,16.0,84.0,
165,0,343,B,65.0,3.0,32.0,100.0,
165,0,344,B,65.0,3.0,25.0,93.0,
165,0,345,A,65.0,3.0,24.0,92.0,
165,0,346,C,65.0,2.0,0.0,,67.0
165,0,347,A,66.0,2.0,24.0,92.0,
165,0,348,B,66.0,2.0,33.0,101.0,
165,0,349,C,66.0,2.0,0.0,,68.0
165,0,350,B,66.0,3.0,34.0,103.0,
165,0,351,B,66.0,3.0,15.0,84.0,
165,0,352,A,67.0,2.0,24.0,93.0,
165,0,353,B,67.0,3.0,38.0,108.0,
165,0,354,B,67.0,3.0,39.0,109.0,
165,0,355,B,68.0,2.0,23.0,93.0,
165,0,356,B,68.0,2.0,17.0,87.0,
165,0,357,A,68.0,2.0,24.0,94.0,
165,0,358,B,68.0,2.0,25.0,95.0,
165,0,359,C,68.0,2.0,0.0,,70.0
165,0,360,B,68.0,3.0,19.0,90.0,
165,0,361,B,69.0,2.0,22.0,93.0,
165,0,362,C,69.0,2.0,0.0,,71.0
165,0,363,B,69.0,2.0,33.0,104.0,
165,0,364,B,69.0,2.0,25.0,96.0,
165,0,365,B,69.0,2.0,23.0,94.0,
165,0,366,B,69.0,2.0,22.0,93.0,
165,0,367,B,69.0,2.0,21.0,92.0,
165,0,368,A,69.0,3.0,24.0,96.0,
165,0,369,C,70.0,2.0,0.0,,72.0
165,0,370,A,70.0,2.0,24.0,96.0,
165,0,371,B,70.0,2.0,27.0,99.0,
165,0,372,B,70.0,2.0,24.0,96.0,
165,0,373,B,70.0,2.0,33.0,105.0,
165,0,374,C,70.0,2.0,0.0,,72.0
165,0,375,C,71.0,2.0,0.0,,73.0
165,0,376,A,71.0,2.0,24.0,97.0,
165,0,377,B,71.0,2.0,19.0,92.0,
165,0,378,B,71.0,2.0,23.0,96.0,
165,0,379,B,71.0,2.0,18.0,91.0,
165,0,380,B,71.0,2.0,27.0,100.0,
165,0,381,C,71.0,2.0,0.0,,73.0
165,0,382,B,72.0,2.0,27.0,101.0,
165,0,383,B,72.0,2.0,18.0,92.0,
165,0,384,B,72.0,2.0,22.0,96.0,
165,0,385,B,72.0,2.0,18.0,92.0,
165,0,386,A,72.0,2.0,24.0,98.0,
165,0,387,C,72.0,2.0,0.0,,74.0
165,0,388,C,72.0,2.0,0.0,,74.0
165,0,389,B,72.0,3.0,20.0,95.0,
165,0,390,B,73.0,2.0,25.0,100.0,
165,0,391,B,73.0,2.0,17.0,92.0,
165,0,392,A,73.0,2.0,24.0,99.0,
165,0,393,C,73.0,2.0,0.0,,75.0
165,0,394,B,73.0,3.0,24.0,100.0,
165,0,395,C,74.0,2.0,0.0,,76.0
165,0,396,B,74.0,2.0,24.0,100.0,
165,0,397,A,74.0,3.0,24.0,101.0,
165,0,398,B,74.0,4.0,0.0,,78.0
165,0,399,B,74.0,4.0,0.0,,78.0
165,0,400,B,74.0,4.0,0.0,,78.0
165,0,401,B,74.0,4.0,0.0,,78.0
165,0,402,A,75.0,3.0,24.0,102.0,
165,0,403,C,75.0,2.0,0.0,,77.0
165,0,404,B,75.0,3.0,24.0,102.0,
165,0,405,A,76.0,2.0,24.0,102.0,
165,0,406,C,76.0,2.0,0.0,,78.0
165,0,407,C,76.0,2.0,0.0,,78.0
165,0,408,B,76.0,3.0,21.0,100.0,
165,0,409,C,77.0,2.0,0.0,,79.0
165,0,410,C,77.0,2.0,0.0,,79.0
165,0,411,A,77.0,2.0,24.0,103.0,
165,0,412,B,77.0,2.0,32.0,111.0,
165,0,413,B,77.0,2.0,15.0,94.0,
165,0,414,B,77.0,3.0,27.0,107.0,
165,0,415,B,77.0,3.0,16.0,96.0,
165,0,416,A,78.0,2.0,24.0,104.0,
165,0,417,B,78.0,3.0,23.0,104.0,
165,0,418,C,78.0,2.0,0.0,,80.0
165,0,419,C,78.0,2.0,0.0,,80.0
165,0,420,C,78.0,2.0,0.0,,80.0
165,0,421,B,79.0,2.0,24.0,105.0,
165,0,422,B,79.0,2.0,15.0,96.0,
165,0,423,C,79.0,2.0,0.0,,81.0
165,0,424,C,79.0,2.0,0.0,,81.0
165,0,425,C,79.0,2.0,0.0,,81.0
165,0,426,B,79.0,2.0,17.0,98.0,
165,0,427,A,79.0,3.0,24.0,106.0,
165,0,428,B,79.0,3.0,25.0,107.0,
165,0,429,B,79.0,3.0,35.0,117.0,
165,0,430,B,80.0,2.0,29.0,111.0,
165,0,431,A,80.0,2.0,24.0,106.0,
165,0,432,B,80.0,2.0,30.0,112.0,
165,0,433,C,80.0,2.0,0.0,,82.0
165,0,434,C,80.0,2.0,0.0,,82.0
165,0,435,C,80.0,2.0,0.0,,82.0
165,0,436,C,81.0,2.0,0.0,,83.0
165,0,437,C,81.0,2.0,0.0,,83.0
165,0,438,C,81.0,2.0,0.0,,83.0
165,0,439,A,81.0,2.0,24.0,107.0,
165,0,440,B,81.0,2.0,24.0,107.0,
165,0,441,B,81.0,2.0,27.0,110.0,
165,0,442,B,81.0,2.0,33.0,116.0,
165,0,443,B,81.0,3.0,21.0,105.0,
165,0,444,B,82.0,3.0,29.0,114.0,
165,0,445,C,82.0,2.0,0.0,,84.0
165,0,446,C,82.0,2.0,0.0,,84.0
165,0,447,B,82.0,3.0,17.0,102.0,
165,0,448,A,82.0,3.0,24.0,109.0,
165,0,449,B,83.0,2.0,28.0,113.0,
165,0,450,B,83.0,2.0,27.0,112.0,
165,0,451,B,83.0,2.0,27.0,112.0,
165,0,452,C,83.0,2.0,0.0,,85.0
165,0,453,B,83.0,2.0,28.0,113.0,
165,0,454,A,83.0,2.0,24.0,109.0,
165,0,455,B,84.0,1.0,29.0,114.0,
165,0,456,B,84.0,2.0,29.0,115.0,
165,0,457,B,84.0,2.0,22.0,108.0,
165,0,458,C,84.0,2.0,0.0,,86.0
165,0,459,A,84.0,2.0,24.0,110.0,
165,0,460,B,85.0,1.0,30.0,116.0,
165,0,461,A,85.0,1.0,24.0,110.0,
165,0,462,B,85.0,1.0,26.0,112.0,
165,0,463,C,85.0,2.0,0.0,,87.0
165,0,464,C,85.0,2.0,0.0,,87.0
165,0,465,B,86.0,1.0,17.0,104.0,
165,0,466,B,86.0,1.0,27.0,114.0,
165,0,467,A,86.0,1.0,24.0,111.0,
165,0,468,C,87.0,0.0,56.0,143.0,
165,0,469,B,87.0,1.0,21.0,109.0,
165,0,470,B,87.0,1.0,30.0,118.0,
165,0,471,C,87.0,1.0,50.0,138.0,
165,0,472,B,87.0,1.0,12.0,100.0,
165,0,473,B,87.0,1.0,35.0,123.0,
165,0,474,A,87.0,2.0,24.0,113.0,
165,0,475,C,87.0,2.0,0.0,,89.0
165,0,476,B,88.0,2.0,30.0,120.0,
165,0,477,B,88.0,2.0,26.0,116.0,
165,0,478,B,88.0,2.0,30.0,120.0,
165,0,479,B,88.0,3.0,25.0,116.0,
165,0,480,C,88.0,2.0,0.0,,90.0
165,0,481,B,88.0,3.0,18.0,109.0,
165,0,482,C,88.0,2.0,0.0,,90.0
165,0,483,A,88.0,3.0,24.0,115.0,
165,0,484,C,89.0,2.0,0.0,,91.0
165,0,485,B,89.0,3.0,24.0,116.0,
165,0,486,B,89.0,3.0,25.0,117.0,
165,0,487,B,89.0,3.0,22.0,114.0,
165,0,488,B,89.0,3.0,20.0,112.0,
165,0,489,B,89.0,4.0,0.0,,93.0
165,0,490,A,89.0,4.0,24.0,117.0,
165,0,491,B,89.0,4.0,0.0,,93.0
165,0,492,C,90.0,2.0,0.0,,92.0
165,0,493,B,90.0,3.0,26.0,119.0,
165,0,494,B,90.0,3.0,27.0,120.0,
165,0,495,B,90.0,3.0,25.0,118.0,
165,0,496,B,90.0,3.0,24.0,117.0,
165,0,497,C,90.0,2.0,0.0,,92.0
165,0,498,A,90.0,3.0,24.0,117.0,
165,0,499,A,91.0,3.0,24.0,118.0,
165,0,500,B,91.0,3.0,26.0,120.0,
165,0,501,B,91.0,3.0,30.0,124.0,
165,0,502,B,91.0,3.0,28.0,122.0,
165,0,503,B,91.0,3.0,29.0,123.0,
165,0,504,B,91.0,3.0,26.0,120.0,
165,0,505,B,91.0,3.0,30.0,124.0,
165,0,506,A,92.0,3.0,24.0,119.0,
165,0,507,B,92.0,3.0,27.0,122.0,
165,0,508,B,92.0,3.0,26.0,121.0,
165,0,509,B,92.0,3.0,24.0,119.0,
165,0,510,C,93.0,2.0,0.0,,95.0
165,0,511,C,93.0,2.0,0.0,,95.0
165,0,512,A,93.0,3.0,24.0,120.0,
165,0,513,B,93.0,3.0,26.0,122.0,
165,0,514,B,94.0,3.0,10.0,107.0,
165,0,515,A,94.0,3.0,24.0,121.0,
165,0,516,B,94.0,3.0,30.0,127.0,
165,0,517,B,95.0,2.0,25.0,122.0,
165,0,518,A,95.0,2.0,24.0,121.0,
165,0,519,B,95.0,2.0,26.0,123.0,
165,0,520,B,95.0,2.0,33.0,130.0,
165,0,521,B,95.0,2.0,25.0,122.0,
165,0,522,A,96.0,1.0,24.0,121.0,
165,0,523,B,96.0,1.0,14.0,111.0,
165,0,524,B,96.0,1.0,30.0,127.0,
165,0,525,B,96.0,1.0,22.0,119.0,
165,0,526,A,97.0,0.0,24.0,121.0,
165,0,527,C,97.0,1.0,27.0,125.0,
165,0,528,C,97.0,1.0,25.0,123.0,
165,0,529,C,97.0,1.0,70.0,168.0,
165,0,530,B,97.0,2.0,27.0,126.0,
165,0,531,B,97.0,2.0,20.0,119.0,
165,0,532,B,97.0,2.0,10.0,109.0,
165,0,533,A,98.0,1.0,24.0,123.0,
165,0,534,B,98.0,1.0,25.0,124.0,
165,0,535,B,99.0,0.0,37.0,136.0,
165,0,536,B,99.0,0.0,23.0,122.0,
165,0,537,B,99.0,1.0,29.0,129.0,
165,0,538,B,99.0,1.0,30.0,130.0,
165,0,539,A,99.0,2.0,24.0,125.0,
165,0,540,B,99.0,2.0,23.0,124.0,
165,0,541,B,99.0,2.0,22.0,123.0,
165,0,542,B,99.0,2.0,27.0,128.0,
165,0,543,C,99.0,2.0,0.0,,101.0
165,0,544,C,99.0,2.0,0.0,,101.0
165,0,545,C,100.0,1.0,52.0,153.0,
165,0,546,C,100.0,1.0,25.0,126.0,
165,0,547,C,100.0,1.0,65.0,166.0,
165,0,548,A,100.0,2.0,24.0,126.0,
165,0,549,B,100.0,2.0,24.0,126.0,
165,0,550,B,100.0,2.0,25.0,127.0,
165,0,551,A,101.0,2.0,24.0,127.0,
165,0,552,B,101.0,2.0,29.0,132.0,
165,0,553,B,101.0,2.0,29.0,132.0,
165,0,554,B,101.0,2.0,34.0,137.0,
165,0,555,B,101.0,2.0,39.0,142.0,
165,0,556,C,101.0,2.0,0.0,,103.0
165,0,557,C,101.0,2.0,0.0,,103.0
165,0,558,C,102.0,2.0,0.0,,104.0
165,0,559,B,102.0,2.0,21.0,125.0,
165,0,560,C,102.0,2.0,0.0,,104.0
165,0,561,C,102.0,2.0,0.0,,104.0
165,0,562,A,102.0,3.0,24.0,129.0,
165,0,563,B,102.0,3.0,13.0,118.0,
165,0,564,B,103.0,2.0,25.0,130.0,
165,0,565,B,103.0,2.0,18.0,123.0,
165,0,566,A,103.0,3.0,24.0,130.0,
165,0,567,B,103.0,3.0,26.0,132.0,
165,0,568,A,104.0,2.0,24.0,130.0,
165,0,569,C,104.0,2.0,0.0,,106.0
165,0,570,B,105.0,2.0,20.0,127.0,
165,0,571,B,105.0,2.0,34.0,141.0,
165,0,572,A,105.0,3.0,24.0,132.0,
165,0,573,B,105.0,3.0,28.0,136.0,
165,0,574,B,105.0,3.0,26.0,134.0,
165,0,575,B,105.0,3.0,23.0,131.0,
165,0,576,C,105.0,2.0,0.0,,107.0
165,0,577,B,105.0,3.0,17.0,125.0,
165,0,578,B,105.0,3.0,30.0,138.0,
165,0,579,B,106.0,3.0,21.0,130.0,
165,0,580,B,106.0,3.0,33.0,142.0,
165,0,581,C,106.0,2.0,0.0,,108.0
165,0,582,A,106.0,3.0,24.0,133.0,
165,0,583,B,106.0,4.0,0.0,,110.0
165,0,584,A,107.0,3.0,24.0,134.0,
165,0,585,C,107.0,2.0,0.0,,109.0
165,0,586,B,107.0,3.0,34.0,144.0,
165,0,587,B,107.0,3.0,29.0,139.0,
165,0,588,C,108.0,2.0,0.0,,110.0
165,0,589,C,108.0,2.0,0.0,,110.0
165,0,590,C,108.0,2.0,0.0,,110.0
165,0,591,B,108.0,2.0,33.0,143.0,
165,0,592,B,108.0,2.0,18.0,128.0,
165,0,593,A,108.0,3.0,24.0,135.0,
165,0,594,B,109.0,2.0,29.0,140.0,
165,0,595,B,109.0,2.0,23.0,134.0,
165,0,596,B,109.0,3.0,22.0,134.0,
165,0,597,B,109.0,3.0,21.0,133.0,
165,0,598,C,109.0,2.0,0.0,,111.0
165,0,599,A,109.0,3.0,24.0,136.0,
165,0,600,C,110.0,2.0,0.0,,112.0
165,0,601,C,110.0,2.0,0.0,,112.0
165,0,602,B,110.0,3.0,17.0,130.0,
165,0,603,B,110.0,3.0,17.0,130.0,
165,0,604,B,110.0,3.0,21.0,134.0,
165,0,605,B,110.0,3.0,29.0,142.0,
165,0,606,B,110.0,3.0,19.0,132.0,
165,0,607,B,110.0,3.0,29.0,142.0,
165,0,608,B,110.0,4.0,0.0,,114.0
165,0,609,A,110.0,4.0,24.0,138.0,
165,0,610,C,111.0,2.0,0.0,,113.0
165,0,611,B,111.0,3.0,18.0,132.0,
165,0,612,C,111.0,2.0,0.0,,113.0
165,0,613,B,111.0,3.0,34.0,148.0,
165,0,614,B,111.0,3.0,27.0,141.0,
165,0,615,A,111.0,4.0,24.0,139.0,
165,0,616,B,112.0,3.0,31.0,146.0,
165,0,617,B,112.0,3.0,17.0,132.0,
165,0,618,B,112.0,3.0,24.0,139.0,
165,0,619,A,112.0,3.0,24.0,139.0,
165,0,620,B,113.0,3.0,24.0,140.0,
165,0,621,A,113.0,3.0,24.0,140.0,
165,0,622,B,113.0,3.0,17.0,133.0,
165,0,623,B,113.0,3.0,17.0,133.0,
165,0,624,B,113.0,3.0,25.0,141.0,
165,0,625,B,114.0,3.0,13.0,130.0,
165,0,626,B,114.0,3.0,24.0,141.0,
165,0,627,B,114.0,3.0,16.0,133.0,
165,0,628,C,114.0,2.0,0.0,,116.0
165,0,629,B,114.0,3.0,29.0,146.0,
165,0,630,A,114.0,3.0,24.0,141.0,
165,0,631,C,114.0,2.0,0.0,,116.0
165,0,632,C,114.0,2.0,0.0,,116.0
165,0,633,B,114.0,4.0,0.0,,118.0
165,0,634,A,115.0,3.0,24.0,142.0,
165,0,635,C,115.0,2.0,0.0,,117.0
165,0,636,B,115.0,3.0,17.0,135.0,
165,0,637,B,115.0,3.0,29.0,147.0,
165,0,638,B,116.0,2.0,19.0,137.0,
165,0,639,C,116.0,2.0,0.0,,118.0
165,0,640,A,116.0,3.0,24.0,143.0,
165,0,641,B,116.0,3.0,23.0,142.0,
165,0,642,B,116.0,3.0,14.0,133.0,
165,0,643,B,116.0,3.0,36.0,155.0,
165,0,644,B,116.0,4.0,0.0,,120.0
165,0,645,C,116.0,2.0,0.0,,118.0
165,0,646,C,117.0,2.0,0.0,,119.0
165,0,647,A,117.0,3.0,24.0,144.0,
165,0,648,B,117.0,3.0,26.0,146.0,
165,0,649,B,117.0,3.0,19.0,139.0,
165,0,650,B,117.0,3.0,22.0,142.0,
165,0,651,C,117.0,2.0,0.0,,119.0
165,0,652,C,117.0,2.0,0.0,,119.0
165,0,653,C,118.0,2.0,0.0,,120.0
165,0,654,A,118.0,3.0,24.0,145.0,
165,0,655,A,119.0,2.0,24.0,145.0,
165,0,656,B,119.0,2.0,25.0,146.0,
165,0,657,B,119.0,2.0,35.0,156.0,
165,0,658,B,119.0,2.0,21.0,142.0,
165,0,659,B,119.0,2.0,28.0,149.0,
190,1,0,A,0.0,0.0,24.0,24.0,
190,1,1,B,0.0,0.0,27.0,27.0,
190,1,2,B,0.0,0.0,26.0,26.0,
190,1,3,B,0.0,0.0,22.0,22.0,
190,1,4,B,0.0,0.0,28.0,28.0,
190,1,5,C,0.0,0.0,40.0,40.0,
190,1,6,A,1.0,0.0,24.0,25.0,
190,1,7,B,1.0,0.0,27.0,28.0,
190,1,8,B,1.0,0.0,33.0,34.0,
190,1,9,C,1.0,0.0,54.0,55.0,
190,1,10,B,2.0,0.0,13.0,15.0,
190,1,11,B,2.0,0.0,40.0,42.0,
190,1,12,B,2.0,0.0,33.0,35.0,
190,1,13,B,2.0,0.0,29.0,31.0,
190,1,14,C,2.0,0.0,59.0,61.0,
190,1,15,B,2.0,0.0,20.0,22.0,
190,1,16,A,2.0,0.0,24.0,26.0,
190,1,17,B,3.0,0.0,21.0,24.0,
190,1,18,A,3.0,0.0,24.0,27.0,
190,1,19,C,4.0,0.0,30.0,34.0,
190,1,20,C,4.0,0.0,51.0,55.0,
190,1,21,B,4.0,0.0,18.0,22.0,
190,1,22,B,4.0,0.0,23.0,27.0,
190,1,23,B,4.0,0.0,15.0,19.0,
190,1,24,A,4.0,0.0,24.0,28.0,
190,1,25,C,4.0,0.0,31.0,35.0,
190,1,26,C,5.0,0.0,45.0,50.0,
190,1,27,C,5.0,0.0,44.0,49.0,
190,1,28,C,5.0,0.0,42.0,47.0,
190,1,29,A,5.0,0.0,24.0,29.0,
190,1,30,B,5.0,0.0,11.0,16.0,
190,1,31,B,5.0,0.0,29.0,34.0,
190,1,32,B,5.0,0.0,20.0,25.0,
190,1,33,C,6.0,0.0,71.0,77.0,
190,1,34,A,6.0,0.0,24.0,30.0,
190,1,35,B,6.0,0.0,32.0,38.0,
190,1,36,B,6.0,0.0,28.0,34.0,
190,1,37,C,7.0,0.0,36.0,43.0,
190,1,38,B,7.0,0.0,26.0,33.0,
190,1,39,B,7.0,0.0,30.0,37.0,
190,1,40,A,7.0,0.0,24.0,31.0,
190,1,41,B,7.0,0.0,26.0,33.0,
190,1,42,C,8.0,0.0,34.0,42.0,
190,1,43,C,8.0,0.0,55.0,63.0,
190,1,44,B,8.0,0.0,20.0,28.0,
190,1,45,B,8.0,0.0,18.0,26.0,
190,1,46,A,8.0,0.0,24.0,32.0,
190,1,47,C,8.0,0.0,57.0,65.0,
190,1,48,B,9.0,0.0,24.0,33.0,
190,1,49,B,9.0,0.0,27.0,36.0,
190,1,50,B,9.0,0.0,29.0,38.0,
190,1,51,A,9.0,0.0,24.0,33.0,
190,1,52,C,9.0,0.0,62.0,71.0,
190,1,53,B,10.0,0.0,29.0,39.0,
190,1,54,A,10.0,0.0,24.0,34.0,
190,1,55,B,10.0,0.0,13.0,23.0,
190,1,56,B,10.0,0.0,29.0,39.0,
190,1,57,C,10.0,0.0,71.0,81.0,
190,1,58,C,10.0,0.0,60.0,70.0,
190,1,59,C,10.0,0.0,41.0,51.0,
190,1,60,B,11.0,0.0,18.0,29.0,
190,1,61,B,11.0,0.0,29.0,40.0,
190,1,62,C,11.0,0.0,61.0,72.0,
190,1,63,C,11.0,0.0,62.0,73.0,
190,1,64,C,11.0,0.0,58.0,69.0,
190,1,65,A,11.0,0.0,24.0,35.0,
190,1,66,A,12.0,0.0,24.0,36.0,
190,1,67,C,12.0,0.0,63.0,75.0,
190,1,68,B,12.0,0.0,28.0,40.0,
190,1,69,B,12.0,0.0,29.0,41.0,
190,1,70,B,13.0,0.0,26.0,39.0,
190,1,71,A,13.0,0.0,24.0,37.0,
190,1,72,B,13.0,0.0,11.0,24.0,
190,1,73,B,13.0,0.0,18.0,31.0,
190,1,74,B,14.0,0.0,26.0,40.0,
190,1,75,C,14.0,0.0,66.0,80.0,
190,1,76,A,14.0,0.0,24.0,38.0,
190,1,77,C,15.0,0.0,39.0,54.0,
190,1,78,B,15.0,0.0,34.0,49.0,
190,1,79,A,15.0,0.0,24.0,39.0,
190,1,80,B,16.0,0.0,26.0,42.0,
190,1,81,A,16.0,0.0,24.0,40.0,
190,1,82,B,17.0,0.0,7.0,24.0,
190,1,83,B,17.0,0.0,31.0,48.0,
190,1,84,B,17.0,0.0,26.0,43.0,
190,1,85,B,17.0,0.0,20.0,37.0,
190,1,86,C,17.0,0.0,24.0,41.0,
190,1,87,A,17.0,0.0,24.0,41.0,
190,1,88,C,17.0,0.0,52.0,69.0,
190,1,89,C,17.0,0.0,61.0,78.0,
190,1,90,A,18.0,0.0,24.0,42.0,
190,1,91,B,18.0,0.0,25.0,43.0,
190,1,92,B,18.0,0.0,25.0,43.0,
190,1,93,B,18.0,0.0,12.0,30.0,
190,1,94,B,18.0,0.0,31.0,49.0,
190,1,95,C,18.0,0.0,51.0,69.0,
190,1,96,B,19.0,0.0,22.0,41.0,
190,1,97,B,19.0,0.0,14.0,33.0,
190,1,98,B,19.0,0.0,15.0,34.0,
190,1,99,A,19.0,0.0,24.0,43.0,
190,1,100,B,20.0,0.0,23.0,43.0,
190,1,101,C,20.0,0.0,32.0,52.0,
190,1,102,A,20.0,0.0,24.0,44.0,
190,1,103,B,20.0,0.0,23.0,43.0,
190,1,104,B,20.0,0.0,28.0,48.0,
190,1,105,B,20.0,0.0,31.0,51.0,
190,1,106,B,20.0,0.0,23.0,43.0,
190,1,107,A,21.0,0.0,24.0,45.0,
190,1,108,B,21.0,0.0,25.0,46.0,
190,1,109,C,21.0,0.0,63.0,84.0,
190,1,110,B,21.0,0.0,28.0,49.0,
190,1,111,B,22.0,0.0,26.0,48.0,
190,1,112,B,22.0,0.0,23.0,45.0,
190,1,113,A,22.0,0.0,24.0,46.0,
190,1,114,C,23.0,0.0,38.0,61.0,
190,1,115,B,23.0,0.0,28.0,51.0,
190,1,116,B,23.0,0.0,18.0,41.0,
190,1,117,A,23.0,0.0,24.0,47.0,
190,1,118,B,23.0,0.0,19.0,42.0,
190,1,119,A,24.0,0.0,24.0,48.0,
190,1,120,C,24.0,0.0,28.0,52.0,
190,1,121,B,24.0,0.0,30.0,54.0,
190,1,122,B,24.0,0.0,23.0,47.0,
190,1,123,C,24.0,0.0,46.0,70.0,
190,1,124,C,25.0,0.0,61.0,86.0,
190,1,125,C,25.0,0.0,37.0,62.0,
190,1,126,C,25.0,0.0,68.0,93.0,
190,1,127,B,25.0,0.0,20.0,45.0,
190,1,128,A,25.0,0.0,24.0,49.0,
190,1,129,B,25.0,0.0,20.0,45.0,
190,1,130,B,25.0,0.0,22.0,47.0,
190,1,131,B,26.0,0.0,29.0,55.0,
190,1,132,B,26.0,0.0,27.0,53.0,
190,1,133,B,26.0,0.0,29.0,55.0,
190,1,134,A,26.0,0.0,24.0,50.0,
190,1,135,A,27.0,0.0,24.0,51.0,
190,1,136,C,27.0,0.0,47.0,74.0,
190,1,137,C,27.0,0.0,71.0,98.0,
190,1,138,C,27.0,0.0,69.0,96.0,
190,1,139,B,27.0,0.0,23.0,50.0,
190,1,140,B,27.0,0.0,30.0,57.0,
190,1,141,B,27.0,0.0,30.0,57.0,
190,1,142,C,28.0,0.0,50.0,78.0,
190,1,143,B,28.0,0.0,17.0,45.0,
190,1,144,B,28.0,0.0,28.0,56.0,
190,1,145,B,28.0,0.0,22.0,50.0,
190,1,146,B,28.0,0.0,29.0,57.0,
190,1,147,B,28.0,0.0,33.0,61.0,
190,1,148,B,28.0,0.0,25.0,53.0,
190,1,149,B,28.0,0.0,26.0,54.0,
190,1,150,A,28.0,0.0,24.0,52.0,
190,1,151,A,29.0,0.0,24.0,53.0,
190,1,152,B,29.0,0.0,27.0,56.0,
190,1,153,C,29.0,0.0,56.0,85.0,
190,1,154,A,30.0,0.0,24.0,54.0,
190,1,155,B,30.0,0.0,21.0,51.0,
190,1,156,B,30.0,0.0,20.0,50.0,
190,1,157,B,30.0,0.0,25.0,55.0,
190,1,158,B,30.0,0.0,12.0,42.0,
190,1,159,C,30.0,0.0,25.0,55.0,
190,1,160,B,31.0,0.0,23.0,54.0,
190,1,161,B,31.0,0.0,31.0,62.0,
190,1,162,B,31.0,0.0,24.0,55.0,
190,1,163,A,31.0,0.0,24.0,55.0,
190,1,164,C,31.0,0.0,30.0,61.0,
190,1,165,A,32.0,0.0,24.0,56.0,
190,1,166,C,33.0,0.0,53.0,86.0,
190,1,167,C,33.0,0.0,51.0,84.0,
190,1,168,B,33.0,0.0,36.0,69.0,
190,1,169,B,33.0,0.0,21.0,54.0,
190,1,170,A,33.0,0.0,24.0,57.0,
190,1,171,B,33.0,0.0,21.0,54.0,
190,1,172,B,34.0,0.0,22.0,56.0,
190,1,173,B,34.0,0.0,21.0,55.0,
190,1,174,A,34.0,0.0,24.0,58.0,
190,1,175,B,35.0,0.0,35.0,70.0,
190,1,176,A,35.0,0.0,24.0,59.0,
190,1,177,C,35.0,0.0,56.0,91.0,
190,1,178,C,35.0,0.0,67.0,102.0,
190,1,179,C,35.0,0.0,32.0,67.0,
190,1,180,B,36.0,0.0,18.0,54.0,
190,1,181,B,36.0,0.0,36.0,72.0,
190,1,182,B,36.0,0.0,31.0,67.0,
190,1,183,B,36.0,0.0,17.0,53.0,
190,1,184,B,36.0,0.0,14.0,50.0,
190,1,185,B,36.0,0.0,21.0,57.0,
190,1,186,C,36.0,0.0,64.0,100.0,
190,1,187,A,36.0,0.0,24.0,60.0,
190,1,188,C,36.0,0.0,24.0,60.0,
190,1,189,C,36.0,0.0,55.0,91.0,
190,1,190,A,37.0,0.0,24.0,61.0,
190,1,191,C,37.0,0.0,34.0,71.0,
190,1,192,B,37.0,0.0,17.0,54.0,
190,1,193,B,37.0,0.0,19.0,56.0,
190,1,194,C,37.0,0.0,72.0,109.0,
190,1,195,C,37.0,0.0,55.0,92.0,
190,1,196,C,38.0,0.0,32.0,70.0,
190,1,197,B,38.0,0.0,18.0,56.0,
190,1,198,B,38.0,0.0,29.0,67.0,
190,1,199,B,38.0,0.0,33.0,71.0,
190,1,200,C,38.0,0.0,50.0,88.0,
190,1,201,A,38.0,0.0,24.0,62.0,
190,1,202,C,38.0,0.0,34.0,72.0,
190,1,203,A,39.0,0.0,24.0,63.0,
190,1,204,B,39.0,0.0,21.0,60.0,
190,1,205,B,39.0,0.0,20.0,59.0,
190,1,206,C,39.0,0.0,59.0,98.0,
190,1,207,B,39.0,0.0,28.0,67.0,
190,1,208,B,40.0,0.0,22.0,62.0,
190,1,209,B,40.0,0.0,27.0,67.0,
190,1,210,A,40.0,0.0,24.0,64.0,
190,1,211,C,40.0,0.0,65.0,105.0,
190,1,212,C,40.0,0.0,30.0,70.0,
190,1,213,B,40.0,0.0,25.0,65.0,
190,1,214,B,40.0,0.0,19.0,59.0,
190,1,215,B,41.0,0.0,27.0,68.0,
190,1,216,A,41.0,0.0,24.0,65.0,
190,1,217,C,41.0,0.0,44.0,85.0,
190,1,218,B,42.0,0.0,22.0,64.0,
190,1,219,B,42.0,0.0,19.0,61.0,
190,1,220,B,42.0,0.0,31.0,73.0,
190,1,221,A,42.0,0.0,24.0,66.0,
190,1,222,B,43.0,0.0,27.0,70.0,
190,1,223,A,43.0,0.0,24.0,67.0,
190,1,224,B,43.0,0.0,28.0,71.0,
190,1,225,C,44.0,0.0,31.0,75.0,
190,1,226,A,44.0,0.0,24.0,68.0,
190,1,227,C,44.0,0.0,52.0,96.0,
190,1,228,C,44.0,0.0,52.0,96.0,
190,1,229,B,44.0,0.0,20.0,64.0,
190,1,230,A,45.0,0.0,24.0,69.0,
190,1,231,B,45.0,0.0,27.0,72.0,
190,1,232,C,45.0,0.0,24.0,69.0,
190,1,233,C,45.0,0.0,64.0,109.0,
190,1,234,B,45.0,0.0,28.0,73.0,
190,1,235,A,46.0,0.0,24.0,70.0,
190,1,236,B,46.0,0.0,25.0,71.0,
190,1,237,B,47.0,0.0,11.0,58.0,
190,1,238,B,47.0,0.0,27.0,74.0,
190,1,239,B,47.0,0.0,35.0,82.0,
190,1,240,C,47.0,0.0,67.0,114.0,
190,1,241,A,47.0,0.0,24.0,71.0,
190,1,242,C,48.0,0.0,29.0,77.0,
190,1,243,B,48.0,0.0,25.0,73.0,
190,1,244,A,48.0,0.0,24.0,72.0,
190,1,245,B,48.0,0.0,29.0,77.0,
190,1,246,B,48.0,0.0,21.0,69.0,
190,1,247,B,49.0,0.0,31.0,80.0,
190,1,248,B,49.0,0.0,31.0,80.0,
190,1,249,B,49.0,0.0,33.0,82.0,
190,1,250,C,49.0,0.0,37.0,86.0,
190,1,251,A,49.0,0.0,24.0,73.0,
190,1,252,A,50.0,0.0,24.0,74.0,
190,1,253,B,50.0,0.0,18.0,68.0,
190,1,254,B,50.0,0.0,17.0,67.0,
190,1,255,C,50.0,0.0,31.0,81.0,
190,1,256,B,50.0,0.0,31.0,81.0,
190,1,257,C,50.0,0.0,70.0,120.0,
190,1,258,B,50.0,0.0,27.0,77.0,
190,1,259,A,51.0,0.0,24.0,75.0,
190,1,260,B,51.0,0.0,34.0,85.0,
190,1,261,C,51.0,0.0,64.0,115.0,
190,1,262,B,52.0,0.0,20.0,72.0,
190,1,263,B,52.0,0.0,26.0,78.0,
190,1,264,B,52.0,0.0,19.0,71.0,
190,1,265,A,52.0,0.0,24.0,76.0,
190,1,266,B,52.0,0.0,32.0,84.0,
190,1,267,C,52.0,0.0,30.0,82.0,
190,1,268,C,52.0,0.0,63.0,115.0,
190,1,269,C,52.0,0.0,38.0,90.0,
190,1,270,A,53.0,0.0,24.0,77.0,
190,1,271,C,53.0,0.0,71.0,124.0,
190,1,272,C,53.0,0.0,64.0,117.0,
190,1,273,C,53.0,0.0,70.0,123.0,
190,1,274,B,53.0,0.0,24.0,77.0,
190,1,275,C,54.0,0.0,54.0,108.0,
190,1,276,C,54.0,0.0,25.0,79.0,
190,1,277,C,54.0,0.0,58.0,112.0,
190,1,278,A,54.0,0.0,24.0,78.0,
190,1,279,B,54.0,0.0,30.0,84.0,
190,1,280,B,54.0,0.0,35.0,89.0,
190,1,281,B,55.0,0.0,31.0,86.0,
190,1,282,B,55.0,0.0,25.0,80.0,
190,1,283,B,55.0,0.0,22.0,77.0,
190,1,284,C,55.0,0.0,58.0,113.0,
190,1,285,C,55.0,0.0,52.0,107.0,
190,1,286,C,55.0,0.0,43.0,98.0,
190,1,287,A,55.0,0.0,24.0,79.0,
190,1,288,A,56.0,0.0,24.0,80.0,
190,1,289,B,56.0,0.0,24.0,80.0,
190,1,290,C,56.0,0.0,29.0,85.0,
190,1,291,B,56.0,0.0,14.0,70.0,
190,1,292,C,56.0,0.0,40.0,96.0,
190,1,293,C,57.0,0.0,24.0,81.0,
190,1,294,C,57.0,0.0,41.0,98.0,
190,1,295,A,57.0,0.0,24.0,81.0,
190,1,296,C,57.0,0.0,56.0,113.0,
190,1,297,B,57.0,0.0,25.0,82.0,
190,1,298,B,57.0,0.0,33.0,90.0,
190,1,299,B,57.0,0.0,32.0,89.0,
190,1,300,B,57.0,0.0,30.0,87.0,
190,1,301,C,58.0,0.0,51.0,109.0,
190,1,302,B,58.0,0.0,23.0,81.0,
190,1,303,B,58.0,0.0,20.0,78.0,
190,1,304,A,58.0,0.0,24.0,82.0,
190,1,305,C,58.0,0.0,63.0,121.0,
190,1,306,A,59.0,0.0,24.0,83.0,
190,1,307,C,59.0,0.0,67.0,126.0,
190,1,308,C,59.0,0.0,66.0,125.0,
190,1,309,C,59.0,0.0,66.0,125.0,
190,1,310,B,59.0,0.0,28.0,87.0,
190,1,311,B,59.0,0.0,15.0,74.0,
190,1,312,A,60.0,0.0,24.0,84.0,
190,1,313,C,60.0,0.0,40.0,100.0,
190,1,314,C,60.0,0.0,37.0,97.0,
190,1,315,C,60.0,0.0,70.0,130.0,
190,1,316,B,60.0,0.0,33.0,93.0,
190,1,317,B,61.0,0.0,21.0,82.0,
190,1,318,A,61.0,0.0,24.0,85.0,
190,1,319,B,62.0,0.0,17.0,79.0,
190,1,320,C,62.0,0.0,25.0,87.0,
190,1,321,C,62.0,0.0,24.0,86.0,
190,1,322,B,62.0,0.0,23.0,85.0,
190,1,323,A,62.0,0.0,24.0,86.0,
190,1,324,B,62.0,0.0,20.0,82.0,
190,1,325,B,62.0,0.0,36.0,98.0,
190,1,326,B,62.0,0.0,26.0,88.0,
190,1,327,B,62.0,0.0,32.0,94.0,
190,1,328,B,63.0,0.0,22.0,85.0,
190,1,329,B,63.0,0.0,21.0,84.0,
190,1,330,A,63.0,0.0,24.0,87.0,
190,1,331,B,63.0,0.0,21.0,84.0,
190,1,332,C,63.0,0.0,71.0,134.0,
190,1,333,C,63.0,0.0,51.0,114.0,
190,1,334,A,64.0,0.0,24.0,88.0,
190,1,335,B,64.0,0.0,31.0,95.0,
190,1,336,B,64.0,0.0,13.0,77.0,
190,1,337,B,64.0,0.0,18.0,82.0,
190,1,338,B,64.0,0.0,14.0,78.0,
190,1,339,C,65.0,0.0,31.0,96.0,
190,1,340,B,65.0,0.0,23.0,88.0,
190,1,341,B,65.0,0.0,23.0,88.0,
190,1,342,B,65.0,0.0,16.0,81.0,
190,1,343,B,65.0,0.0,32.0,97.0,
190,1,344,B,65.0,0.0,25.0,90.0,
190,1,345,A,65.0,0.0,24.0,89.0,
190,1,346,C,65.0,0.0,72.0,137.0,
190,1,347,A,66.0,0.0,24.0,90.0,
190,1,348,B,66.0,0.0,33.0,99.0,
190,1,349,C,66.0,0.0,52.0,118.0,
190,1,350,B,66.0,0.0,34.0,100.0,
190,1,351,B,66.0,0.0,15.0,81.0,
190,1,352,A,67.0,0.0,24.0,91.0,
190,1,353,B,67.0,0.0,38.0,105.0,
190,1,354,B,67.0,0.0,39.0,106.0,
190,1,355,B,68.0,0.0,23.0,91.0,
190,1,356,B,68.0,0.0,17.0,85.0,
190,1,357,A,68.0,0.0,24.0,92.0,
190,1,358,B,68.0,0.0,25.0,93.0,
190,1,359,C,68.0,0.0,55.0,123.0,
190,1,360,B,68.0,0.0,19.0,87.0,
190,1,361,B,69.0,0.0,22.0,91.0,
190,1,362,C,69.0,0.0,34.0,103.0,
190,1,363,B,69.0,0.0,33.0,102.0,
190,1,364,B,69.0,0.0,25.0,94.0,
190,1,365,B,69.0,0.0,23.0,92.0,
190,1,366,B,69.0,0.0,22.0,91.0,
190,1,367,B,69.0,0.0,21.0,90.0,
190,1,368,A,69.0,0.0,24.0,93.0,
190,1,369,C,70.0,0.0,60.0,130.0,
190,1,370,A,70.0,0.0,24.0,94.0,
190,1,371,B,70.0,0.0,27.0,97.0,
190,1,372,B,70.0,0.0,24.0,94.0,
190,1,373,B,70.0,0.0,33.0,103.0,
190,1,374,C,70.0,0.0,62.0,132.0,
190,1,375,C,71.0,0.0,43.0,114.0,
190,1,376,A,71.0,0.0,24.0,95.0,
190,1,377,B,71.0,0.0,19.0,90.0,
190,1,378,B,71.0,0.0,23.0,94.0,
190,1,379,B,71.0,0.0,18.0,89.0,
190,1,380,B,71.0,0.0,27.0,98.0,
190,1,381,C,71.0,0.0,61.0,132.0,
190,1,382,B,72.0,0.0,27.0,99.0,
190,1,383,B,72.0,0.0,18.0,90.0,
190,1,384,B,72.0,0.0,22.0,94.0,
190,1,385,B,72.0,0.0,18.0,90.0,
190,1,386,A,72.0,0.0,24.0,96.0,
190,1,387,C,72.0,0.0,41.0,113.0,
190,1,388,C,72.0,0.0,66.0,138.0,
190,1,389,B,72.0,0.0,20.0,92.0,
190,1,390,B,73.0,0.0,25.0,98.0,
190,1,391,B,73.0,0.0,17.0,90.0,
190,1,392,A,73.0,0.0,24.0,97.0,
190,1,393,C,73.0,0.0,68.0,141.0,
190,1,394,B,73.0,0.0,24.0,97.0,
190,1,395,C,74.0,0.0,42.0,116.0,
190,1,396,B,74.0,0.0,24.0,98.0,
190,1,397,A,74.0,0.0,24.0,98.0,
190,1,398,B,74.0,0.0,28.0,102.0,
190,1,399,B,74.0,0.0,17.0,91.0,
190,1,400,B,74.0,0.0,27.0,101.0,
190,1,401,B,74.0,0.0,33.0,107.0,
190,1,402,A,75.0,0.0,24.0,99.0,
190,1,403,C,75.0,0.0,49.0,124.0,
190,1,404,B,75.0,0.0,24.0,99.0,
190,1,405,A,76.0,0.0,24.0,100.0,
190,1,406,C,76.0,0.0,35.0,111.0,
190,1,407,C,76.0,0.0,50.0,126.0,
190,1,408,B,76.0,0.0,21.0,97.0,
190,1,409,C,77.0,0.0,64.0,141.0,
190,1,410,C,77.0,0.0,58.0,135.0,
190,1,411,A,77.0,0.0,24.0,101.0,
190,1,412,B,77.0,0.0,32.0,109.0,
190,1,413,B,77.0,0.0,15.0,92.0,
190,1,414,B,77.0,0.0,27.0,104.0,
190,1,415,B,77.0,0.0,16.0,93.0,
190,1,416,A,78.0,0.0,24.0,102.0,
190,1,417,B,78.0,0.0,23.0,101.0,
190,1,418,C,78.0,0.0,38.0,116.0,
190,1,419,C,78.0,0.0,47.0,125.0,
190,1,420,C,78.0,0.0,27.0,105.0,
190,1,421,B,79.0,0.0,24.0,103.0,
190,1,422,B,79.0,0.0,15.0,94.0,
190,1,423,C,79.0,0.0,61.0,140.0,
190,1,424,C,79.0,0.0,45.0,124.0,
190,1,425,C,79.0,0.0,53.0,132.0,
190,1,426,B,79.0,0.0,17.0,96.0,
190,1,427,A,79.0,0.0,24.0,103.0,
190,1,428,B,79.0,0.0,25.0,104.0,
190,1,429,B,79.0,0.0,35.0,114.0,
190,1,430,B,80.0,0.0,29.0,109.0,
190,1,431,A,80.0,0.0,24.0,104.0,
190,1,432,B,80.0,0.0,30.0,110.0,
190,1,433,C,80.0,0.0,28.0,108.0,
190,1,434,C,80.0,1.0,71.0,152.0,
190,1,435,C,80.0,1.0,50.0,131.0,
190,1,436,C,81.0,0.0,51.0,132.0,
190,1,437,C,81.0,0.0,72.0,153.0,
190,1,438,C,81.0,0.0,40.0,121.0,
190,1,439,A,81.0,0.0,24.0,105.0,
190,1,440,B,81.0,1.0,24.0,106.0,
190,1,441,B,81.0,1.0,27.0,109.0,
190,1,442,B,81.0,1.0,33.0,115.0,
190,1,443,B,81.0,1.0,21.0,103.0,
190,1,444,B,82.0,0.0,29.0,111.0,
190,1,445,C,82.0,0.0,61.0,143.0,
190,1,446,C,82.0,0.0,46.0,128.0,
190,1,447,B,82.0,0.0,17.0,99.0,
190,1,448,A,82.0,1.0,24.0,107.0,
190,1,449,B,83.0,0.0,28.0,111.0,
190,1,450,B,83.0,0.0,27.0,110.0,
190,1,451,B,83.0,0.0,27.0,110.0,
190,1,452,C,83.0,0.0,56.0,139.0,
190,1,453,B,83.0,0.0,28.0,111.0,
190,1,454,A,83.0,0.0,24.0,107.0,
190,1,455,B,84.0,0.0,29.0,113.0,
190,1,456,B,84.0,0.0,29.0,113.0,
190,1,457,B,84.0,1.0,22.0,107.0,
190,1,458,C,84.0,1.0,29.0,114.0,
190,1,459,A,84.0,1.0,24.0,109.0,
190,1,460,B,85.0,0.0,30.0,115.0,
190,1,461,A,85.0,0.0,24.0,109.0,
190,1,462,B,85.0,0.0,26.0,111.0,
190,1,463,C,85.0,0.0,29.0,114.0,
190,1,464,C,85.0,1.0,38.0,124.0,
190,1,465,B,86.0,0.0,17.0,103.0,
190,1,466,B,86.0,0.0,27.0,113.0,
190,1,467,A,86.0,0.0,24.0,110.0,
190,1,468,C,87.0,0.0,56.0,143.0,
190,1,469,B,87.0,0.0,21.0,108.0,
190,1,470,B,87.0,0.0,30.0,117.0,
190,1,471,C,87.0,0.0,50.0,137.0,
190,1,472,B,87.0,0.0,12.0,99.0,
190,1,473,B,87.0,0.0,35.0,122.0,
190,1,474,A,87.0,0.0,24.0,111.0,
190,1,475,C,87.0,0.0,27.0,114.0,
190,1,476,B,88.0,0.0,30.0,118.0,
190,1,477,B,88.0,0.0,26.0,114.0,
190,1,478,B,88.0,0.0,30.0,118.0,
190,1,479,B,88.0,0.0,25.0,113.0,
190,1,480,C,88.0,0.0,50.0,138.0,
190,1,481,B,88.0,0.0,18.0,106.0,
190,1,482,C,88.0,0.0,24.0,112.0,
190,1,483,A,88.0,1.0,24.0,113.0,
190,1,484,C,89.0,0.0,26.0,115.0,
190,1,485,B,89.0,0.0,24.0,113.0,
190,1,486,B,89.0,0.0,25.0,114.0,
190,1,487,B,89.0,0.0,22.0,111.0,
190,1,488,B,89.0,1.0,20.0,110.0,
190,1,489,B,89.0,1.0,15.0,105.0,
190,1,490,A,89.0,1.0,24.0,114.0,
190,1,491,B,89.0,1.0,33.0,123.0,
190,1,492,C,90.0,1.0,42.0,133.0,
190,1,493,B,90.0,1.0,26.0,117.0,
190,1,494,B,90.0,1.0,27.0,118.0,
190,1,495,B,90.0,1.0,25.0,116.0,
190,1,496,B,90.0,1.0,24.0,115.0,
190,1,497,C,90.0,1.0,25.0,116.0,
190,1,498,A,90.0,1.0,24.0,115.0,
190,1,499,A,91.0,0.0,24.0,115.0,
190,1,500,B,91.0,0.0,26.0,117.0,
190,1,501,B,91.0,1.0,30.0,122.0,
190,1,502,B,91.0,1.0,28.0,120.0,
190,1,503,B,91.0,1.0,29.0,121.0,
190,1,504,B,91.0,1.0,26.0,118.0,
190,1,505,B,91.0,1.0,30.0,122.0,
190,1,506,A,92.0,0.0,24.0,116.0,
190,1,507,B,92.0,0.0,27.0,119.0,
190,1,508,B,92.0,1.0,26.0,119.0,
190,1,509,B,92.0,1.0,24.0,117.0,
190,1,510,C,93.0,0.0,31.0,124.0,
190,1,511,C,93.0,0.0,63.0,156.0,
190,1,512,A,93.0,0.0,24.0,117.0,
190,1,513,B,93.0,1.0,26.0,120.0,
190,1,514,B,94.0,0.0,10.0,104.0,
190,1,515,A,94.0,0.0,24.0,118.0,
190,1,516,B,94.0,0.0,30.0,124.0,
190,1,517,B,95.0,0.0,25.0,120.0,
190,1,518,A,95.0,0.0,24.0,119.0,
190,1,519,B,95.0,0.0,26.0,121.0,
190,1,520,B,95.0,0.0,33.0,128.0,
190,1,521,B,95.0,0.0,25.0,120.0,
190,1,522,A,96.0,0.0,24.0,120.0,
190,1,523,B,96.0,0.0,14.0,110.0,
190,1,524,B,96.0,0.0,30.0,126.0,
190,1,525,B,96.0,0.0,22.0,118.0,
190,1,526,A,97.0,0.0,24.0,121.0,
190,1,527,C,97.0,0.0,27.0,124.0,
190,1,528,C,97.0,0.0,25.0,122.0,
190,1,529,C,97.0,0.0,70.0,167.0,
190,1,530,B,97.0,0.0,27.0,124.0,
190,1,531,B,97.0,0.0,20.0,117.0,
190,1,532,B,97.0,0.0,10.0,107.0,
190,1,533,A,98.0,0.0,24.0,122.0,
190,1,534,B,98.0,0.0,25.0,123.0,
190,1,535,B,99.0,0.0,37.0,136.0,
190,1,536,B,99.0,0.0,23.0,122.0,
190,1,537,B,99.0,0.0,29.0,128.0,
190,1,538,B,99.0,0.0,30.0,129.0,
190,1,539,A,99.0,0.0,24.0,123.0,
190,1,540,B,99.0,0.0,23.0,122.0,
190,1,541,B,99.0,0.0,22.0,121.0,
190,1,542,B,99.0,0.0,27.0,126.0,
190,1,543,C,99.0,0.0,63.0,162.0,
190,1,544,C,99.0,0.0,42.0,141.0,
190,1,545,C,100.0,0.0,52.0,152.0,
190,1,546,C,100.0,0.0,25.0,125.0,
190,1,547,C,100.0,0.0,65.0,165.0,
190,1,548,A,100.0,0.0,24.0,124.0,
190,1,549,B,100.0,0.0,24.0,124.0,
190,1,550,B,100.0,0.0,25.0,125.0,
190,1,551,A,101.0,0.0,24.0,125.0,
190,1,552,B,101.0,0.0,29.0,130.0,
190,1,553,B,101.0,0.0,29.0,130.0,
190,1,554,B,101.0,0.0,34.0,135.0,
190,1,555,B,101.0,0.0,39.0,140.0,
190,1,556,C,101.0,0.0,42.0,143.0,
190,1,557,C,101.0,0.0,65.0,166.0,
190,1,558,C,102.0,0.0,57.0,159.0,
190,1,559,B,102.0,0.0,21.0,123.0,
190,1,560,C,102.0,0.0,48.0,150.0,
190,1,561,C,102.0,0.0,68.0,170.0,
190,1,562,A,102.0,1.0,24.0,127.0,
190,1,563,B,102.0,1.0,13.0,116.0,
190,1,564,B,103.0,0.0,25.0,128.0,
190,1,565,B,103.0,0.0,18.0,121.0,
190,1,566,A,103.0,1.0,24.0,128.0,
190,1,567,B,103.0,1.0,26.0,130.0,
190,1,568,A,104.0,0.0,24.0,128.0,
190,1,569,C,104.0,0.0,43.0,147.0,
190,1,570,B,105.0,0.0,20.0,125.0,
190,1,571,B,105.0,0.0,34.0,139.0,
190,1,572,A,105.0,0.0,24.0,129.0,
190,1,573,B,105.0,0.0,28.0,133.0,
190,1,574,B,105.0,0.0,26.0,131.0,
190,1,575,B,105.0,0.0,23.0,128.0,
190,1,576,C,105.0,1.0,59.0,165.0,
190,1,577,B,105.0,1.0,17.0,123.0,
190,1,578,B,105.0,1.0,30.0,136.0,
190,1,579,B,106.0,0.0,21.0,127.0,
190,1,580,B,106.0,0.0,33.0,139.0,
190,1,581,C,106.0,1.0,67.0,174.0,
190,1,582,A,106.0,1.0,24.0,131.0,
190,1,583,B,106.0,1.0,31.0,138.0,
190,1,584,A,107.0,1.0,24.0,132.0,
190,1,585,C,107.0,1.0,63.0,171.0,
190,1,586,B,107.0,1.0,34.0,142.0,
190,1,587,B,107.0,1.0,29.0,137.0,
190,1,588,C,108.0,0.0,35.0,143.0,
190,1,589,C,108.0,0.0,41.0,149.0,
190,1,590,C,108.0,1.0,54.0,163.0,
190,1,591,B,108.0,1.0,33.0,142.0,
190,1,592,B,108.0,1.0,18.0,127.0,
190,1,593,A,108.0,2.0,24.0,134.0,
190,1,594,B,109.0,1.0,29.0,139.0,
190,1,595,B,109.0,1.0,23.0,133.0,
190,1,596,B,109.0,1.0,22.0,132.0,
190,1,597,B,109.0,1.0,21.0,131.0,
190,1,598,C,109.0,1.0,61.0,171.0,
190,1,599,A,109.0,1.0,24.0,134.0,
190,1,600,C,110.0,0.0,33.0,143.0,
190,1,601,C,110.0,1.0,29.0,140.0,
190,1,602,B,110.0,1.0,17.0,128.0,
190,1,603,B,110.0,1.0,17.0,128.0,
190,1,604,B,110.0,1.0,21.0,132.0,
190,1,605,B,110.0,1.0,29.0,140.0,
190,1,606,B,110.0,1.0,19.0,130.0,
190,1,607,B,110.0,2.0,29.0,141.0,
190,1,608,B,110.0,2.0,23.0,135.0,
190,1,609,A,110.0,2.0,24.0,136.0,
190,1,610,C,111.0,1.0,68.0,180.0,
190,1,611,B,111.0,1.0,18.0,130.0,
190,1,612,C,111.0,1.0,37.0,149.0,
190,1,613,B,111.0,1.0,34.0,146.0,
190,1,614,B,111.0,2.0,27.0,140.0,
190,1,615,A,111.0,2.0,24.0,137.0,
190,1,616,B,112.0,2.0,31.0,145.0,
190,1,617,B,112.0,2.0,17.0,131.0,
190,1,618,B,112.0,2.0,24.0,138.0,
190,1,619,A,112.0,2.0,24.0,138.0,
190,1,620,B,113.0,1.0,24.0,138.0,
190,1,621,A,113.0,1.0,24.0,138.0,
190,1,622,B,113.0,1.0,17.0,131.0,
190,1,623,B,113.0,1.0,17.0,131.0,
190,1,624,B,113.0,1.0,25.0,139.0,
190,1,625,B,114.0,1.0,13.0,128.0,
190,1,626,B,114.0,1.0,24.0,139.0,
190,1,627,B,114.0,1.0,16.0,131.0,
190,1,628,C,114.0,1.0,26.0,141.0,
190,1,629,B,114.0,1.0,29.0,144.0,
190,1,630,A,114.0,1.0,24.0,139.0,
190,1,631,C,114.0,1.0,46.0,161.0,
190,1,632,C,114.0,1.0,48.0,163.0,
190,1,633,B,114.0,1.0,24.0,139.0,
190,1,634,A,115.0,0.0,24.0,139.0,
190,1,635,C,115.0,1.0,39.0,155.0,
190,1,636,B,115.0,1.0,17.0,133.0,
190,1,637,B,115.0,1.0,29.0,145.0,
190,1,638,B,116.0,0.0,19.0,135.0,
190,1,639,C,116.0,0.0,25.0,141.0,
190,1,640,A,116.0,0.0,24.0,140.0,
190,1,641,B,116.0,0.0,23.0,139.0,
190,1,642,B,116.0,0.0,14.0,130.0,
190,1,643,B,116.0,1.0,36.0,153.0,
190,1,644,B,116.0,1.0,18.0,135.0,
190,1,645,C,116.0,1.0,72.0,189.0,
190,1,646,C,117.0,0.0,31.0,148.0,
190,1,647,A,117.0,0.0,24.0,141.0,
190,1,648,B,117.0,0.0,26.0,143.0,
190,1,649,B,117.0,1.0,19.0,137.0,
190,1,650,B,117.0,1.0,22.0,140.0,
190,1,651,C,117.0,1.0,59.0,177.0,
190,1,652,C,117.0,1.0,35.0,153.0,
190,1,653,C,118.0,0.0,26.0,144.0,
190,1,654,A,118.0,0.0,24.0,142.0,
190,1,655,A,119.0,0.0,24.0,143.0,
190,1,656,B,119.0,0.0,25.0,144.0,
190,1,657,B,119.0,0.0,35.0,154.0,
190,1,658,B,119.0,0.0,21.0,140.0,
190,1,659,B,119.0,0.0,28.0,147.0,
215,2,0,A,0.0,0.0,24.0,24.0,
215,2,1,B,0.0,0.0,27.0,27.0,
215,2,2,B,0.0,0.0,26.0,26.0,
215,2,3,B,0.0,0.0,22.0,22.0,
215,2,4,B,0.0,0.0,28.0,28.0,
215,2,5,C,0.0,0.0,40.0,40.0,
215,2,6,A,1.0,0.0,24.0,25.0,
215,2,7,B,1.0,0.0,27.0,28.0,
215,2,8,B,1.0,0.0,33.0,34.0,
215,2,9,C,1.0,0.0,54.0,55.0,
215,2,10,B,2.0,0.0,13.0,15.0,
215,2,11,B,2.0,0.0,40.0,42.0,
215,2,12,B,2.0,0.0,33.0,35.0,
215,2,13,B,2.0,0.0,29.0,31.0,
215,2,14,C,2.0,0.0,59.0,61.0,
215,2,15,B,2.0,0.0,20.0,22.0,
215,2,16,A,2.0,0.0,24.0,26.0,
215,2,17,B,3.0,0.0,21.0,24.0,
215,2,18,A,3.0,0.0,24.0,27.0,
215,2,19,C,4.0,0.0,30.0,34.0,
215,2,20,C,4.0,0.0,51.0,55.0,
215,2,21,B,4.0,0.0,18.0,22.0,
215,2,22,B,4.0,0.0,23.0,27.0,
215,2,23,B,4.0,0.0,15.0,19.0,
215,2,24,A,4.0,0.0,24.0,28.0,
215,2,25,C,4.0,0.0,31.0,35.0,
215,2,26,C,5.0,0.0,45.0,50.0,
215,2,27,C,5.0,0.0,44.0,49.0,
215,2,28,C,5.0,0.0,42.0,47.0,
215,2,29,A,5.0,0.0,24.0,29.0,
215,2,30,B,5.0,0.0,11.0,16.0,
215,2,31,B,5.0,0.0,29.0,34.0,
215,2,32,B,5.0,0.0,20.0,25.0,
215,2,33,C,6.0,0.0,71.0,77.0,
215,2,34,A,6.0,0.0,24.0,30.0,
215,2,35,B,6.0,0.0,32.0,38.0,
215,2,36,B,6.0,0.0,28.0,34.0,
215,2,37,C,7.0,0.0,36.0,43.0,
215,2,38,B,7.0,0.0,26.0,33.0,
215,2,39,B,7.0,0.0,30.0,37.0,
215,2,40,A,7.0,0.0,24.0,31.0,
215,2,41,B,7.0,0.0,26.0,33.0,
215,2,42,C,8.0,0.0,34.0,42.0,
215,2,43,C,8.0,0.0,55.0,63.0,
215,2,44,B,8.0,0.0,20.0,28.0,
215,2,45,B,8.0,0.0,18.0,26.0,
215,2,46,A,8.0,0.0,24.0,32.0,
215,2,47,C,8.0,0.0,57.0,65.0,
215,2,48,B,9.0,0.0,24.0,33.0,
215,2,49,B,9.0,0.0,27.0,36.0,
215,2,50,B,9.0,0.0,29.0,38.0,
215,2,51,A,9.0,0.0,24.0,33.0,
215,2,52,C,9.0,0.0,62.0,71.0,
215,2,53,B,10.0,0.0,29.0,39.0,
215,2,54,A,10.0,0.0,24.0,34.0,
215,2,55,B,10.0,0.0,13.0,23.0,
215,2,56,B,10.0,0.0,29.0,39.0,
215,2,57,C,10.0,0.0,71.0,81.0,
215,2,58,C,10.0,0.0,60.0,70.0,
215,2,59,C,10.0,0.0,41.0,51.0,
215,2,60,B,11.0,0.0,18.0,29.0,
215,2,61,B,11.0,0.0,29.0,40.0,
215,2,62,C,11.0,0.0,61.0,72.0,
215,2,63,C,11.0,0.0,62.0,73.0,
215,2,64,C,11.0,0.0,58.0,69.0,
215,2,65,A,11.0,0.0,24.0,35.0,
215,2,66,A,12.0,0.0,24.0,36.0,
215,2,67,C,12.0,0.0,63.0,75.0,
215,2,68,B,12.0,0.0,28.0,40.0,
215,2,69,B,12.0,0.0,29.0,41.0,
215,2,70,B,13.0,0.0,26.0,39.0,
215,2,71,A,13.0,0.0,24.0,37.0,
215,2,72,B,13.0,0.0,11.0,24.0,
215,2,73,B,13.0,0.0,18.0,31.0,
215,2,74,B,14.0,0.0,26.0,40.0,
215,2,75,C,14.0,0.0,66.0,80.0,
215,2,76,A,14.0,0.0,24.0,38.0,
215,2,77,C,15.0,0.0,39.0,54.0,
215,2,78,B,15.0,0.0,34.0,49.0,
215,2,79,A,15.0,0.0,24.0,39.0,
215,2,80,B,16.0,0.0,26.0,42.0,
215,2,81,A,16.0,0.0,24.0,40.0,
215,2,82,B,17.0,0.0,7.0,24.0,
215,2,83,B,17.0,0.0,31.0,48.0,
215,2,84,B,17.0,0.0,26.0,43.0,
215,2,85,B,17.0,0.0,20.0,37.0,
215,2,86,C,17.0,0.0,24.0,41.0,
215,2,87,A,17.0,0.0,24.0,41.0,
215,2,88,C,17.0,0.0,52.0,69.0,
215,2,89,C,17.0,0.0,61.0,78.0,
215,2,90,A,18.0,0.0,24.0,42.0,
215,2,91,B,18.0,0.0,25.0,43.0,
215,2,92,B,18.0,0.0,25.0,43.0,
215,2,93,B,18.0,0.0,12.0,30.0,
215,2,94,B,18.0,0.0,31.0,49.0,
215,2,95,C,18.0,0.0,51.0,69.0,
215,2,96,B,19.0,0.0,22.0,41.0,
215,2,97,B,19.0,0.0,14.0,33.0,
215,2,98,B,19.0,0.0,15.0,34.0,
215,2,99,A,19.0,0.0,24.0,43.0,
215,2,100,B,20.0,0.0,23.0,43.0,
215,2,101,C,20.0,0.0,32.0,52.0,
215,2,102,A,20.0,0.0,24.0,44.0,
215,2,103,B,20.0,0.0,23.0,43.0,
215,2,104,B,20.0,0.0,28.0,48.0,
215,2,105,B,20.0,0.0,31.0,51.0,
215,2,106,B,20.0,0.0,23.0,43.0,
215,2,107,A,21.0,0.0,24.0,45.0,
215,2,108,B,21.0,0.0,25.0,46.0,
215,2,109,C,21.0,0.0,63.0,84.0,
215,2,110,B,21.0,0.0,28.0,49.0,
215,2,111,B,22.0,0.0,26.0,48.0,
215,2,112,B,22.0,0.0,23.0,45.0,
215,2,113,A,22.0,0.0,24.0,46.0,
215,2,114,C,23.0,0.0,38.0,61.0,
215,2,115,B,23.0,0.0,28.0,51.0,
215,2,116,B,23.0,0.0,18.0,41.0,
215,2,117,A,23.0,0.0,24.0,47.0,
215,2,118,B,23.0,0.0,19.0,42.0,
215,2,119,A,24.0,0.0,24.0,48.0,
215,2,120,C,24.0,0.0,28.0,52.0,
215,2,121,B,24.0,0.0,30.0,54.0,
215,2,122,B,24.0,0.0,23.0,47.0,
215,2,123,C,24.0,0.0,46.0,70.0,
215,2,124,C,25.0,0.0,61.0,86.0,
215,2,125,C,25.0,0.0,37.0,62.0,
215,2,126,C,25.0,0.0,68.0,93.0,
215,2,127,B,25.0,0.0,20.0,45.0,
215,2,128,A,25.0,0.0,24.0,49.0,
215,2,129,B,25.0,0.0,20.0,45.0,
215,2,130,B,25.0,0.0,22.0,47.0,
215,2,131,B,26.0,0.0,29.0,55.0,
215,2,132,B,26.0,0.0,27.0,53.0,
215,2,133,B,26.0,0.0,29.0,55.0,
215,2,134,A,26.0,0.0,24.0,50.0,
215,2,135,A,27.0,0.0,24.0,51.0,
215,2,136,C,27.0,0.0,47.0,74.0,
215,2,137,C,27.0,0.0,71.0,98.0,
215,2,138,C,27.0,0.0,69.0,96.0,
215,2,139,B,27.0,0.0,23.0,50.0,
215,2,140,B,27.0,0.0,30.0,57.0,
215,2,141,B,27.0,0.0,30.0,57.0,
215,2,142,C,28.0,0.0,50.0,78.0,
215,2,143,B,28.0,0.0,17.0,45.0,
215,2,144,B,28.0,0.0,28.0,56.0,
215,2,145,B,28.0,0.0,22.0,50.0,
215,2,146,B,28.0,0.0,29.0,57.0,
215,2,147,B,28.0,0.0,33.0,61.0,
215,2,148,B,28.0,0.0,25.0,53.0,
215,2,149,B,28.0,0.0,26.0,54.0,
215,2,150,A,28.0,0.0,24.0,52.0,
215,2,151,A,29.0,0.0,24.0,53.0,
215,2,152,B,29.0,0.0,27.0,56.0,
215,2,153,C,29.0,0.0,56.0,85.0,
215,2,154,A,30.0,0.0,24.0,54.0,
215,2,155,B,30.0,0.0,21.0,51.0,
215,2,156,B,30.0,0.0,20.0,50.0,
215,2,157,B,30.0,0.0,25.0,55.0,
215,2,158,B,30.0,0.0,12.0,42.0,
215,2,159,C,30.0,0.0,25.0,55.0,
215,2,160,B,31.0,0.0,23.0,54.0,
215,2,161,B,31.0,0.0,31.0,62.0,
215,2,162,B,31.0,0.0,24.0,55.0,
215,2,163,A,31.0,0.0,24.0,55.0,
215,2,164,C,31.0,0.0,30.0,61.0,
215,2,165,A,32.0,0.0,24.0,56.0,
215,2,166,C,33.0,0.0,53.0,86.0,
215,2,167,C,33.0,0.0,51.0,84.0,
215,2,168,B,33.0,0.0,36.0,69.0,
215,2,169,B,33.0,0.0,21.0,54.0,
215,2,170,A,33.0,0.0,24.0,57.0,
215,2,171,B,33.0,0.0,21.0,54.0,
215,2,172,B,34.0,0.0,22.0,56.0,
215,2,173,B,34.0,0.0,21.0,55.0,
215,2,174,A,34.0,0.0,24.0,58.0,
215,2,175,B,35.0,0.0,35.0,70.0,
215,2,176,A,35.0,0.0,24.0,59.0,
215,2,177,C,35.0,0.0,56.0,91.0,
215,2,178,C,35.0,0.0,67.0,102.0,
215,2,179,C,35.0,0.0,32.0,67.0,
215,2,180,B,36.0,0.0,18.0,54.0,
215,2,181,B,36.0,0.0,36.0,72.0,
215,2,182,B,36.0,0.0,31.0,67.0,
215,2,183,B,36.0,0.0,17.0,53.0,
215,2,184,B,36.0,0.0,14.0,50.0,
215,2,185,B,36.0,0.0,21.0,57.0,
215,2,186,C,36.0,0.0,64.0,100.0,
215,2,187,A,36.0,0.0,24.0,60.0,
215,2,188,C,36.0,0.0,24.0,60.0,
215,2,189,C,36.0,0.0,55.0,91.0,
215,2,190,A,37.0,0.0,24.0,61.0,
215,2,191,C,37.0,0.0,34.0,71.0,
215,2,192,B,37.0,0.0,17.0,54.0,
215,2,193,B,37.0,0.0,19.0,56.0,
215,2,194,C,37.0,0.0,72.0,109.0,
215,2,195,C,37.0,0.0,55.0,92.0,
215,2,196,C,38.0,0.0,32.0,70.0,
215,2,197,B,38.0,0.0,18.0,56.0,
215,2,198,B,38.0,0.0,29.0,67.0,
215,2,199,B,38.0,0.0,33.0,71.0,
215,2,200,C,38.0,0.0,50.0,88.0,
215,2,201,A,38.0,0.0,24.0,62.0,
215,2,202,C,38.0,0.0,34.0,72.0,
215,2,203,A,39.0,0.0,24.0,63.0,
215,2,204,B,39.0,0.0,21.0,60.0,
215,2,205,B,39.0,0.0,20.0,59.0,
215,2,206,C,39.0,0.0,59.0,98.0,
215,2,207,B,39.0,0.0,28.0,67.0,
215,2,208,B,40.0,0.0,22.0,62.0,
215,2,209,B,40.0,0.0,27.0,67.0,
215,2,210,A,40.0,0.0,24.0,64.0,
215,2,211,C,40.0,0.0,65.0,105.0,
215,2,212,C,40.0,0.0,30.0,70.0,
215,2,213,B,40.0,0.0,25.0,65.0,
215,2,214,B,40.0,0.0,19.0,59.0,
215,2,215,B,41.0,0.0,27.0,68.0,
215,2,216,A,41.0,0.0,24.0,65.0,
215,2,217,C,41.0,0.0,44.0,85.0,
215,2,218,B,42.0,0.0,22.0,64.0,
215,2,219,B,42.0,0.0,19.0,61.0,
215,2,220,B,42.0,0.0,31.0,73.0,
215,2,221,A,42.0,0.0,24.0,66.0,
215,2,222,B,43.0,0.0,27.0,70.0,
215,2,223,A,43.0,0.0,24.0,67.0,
215,2,224,B,43.0,0.0,28.0,71.0,
215,2,225,C,44.0,0.0,31.0,75.0,
215,2,226,A,44.0,0.0,24.0,68.0,
215,2,227,C,44.0,0.0,52.0,96.0,
215,2,228,C,44.0,0.0,52.0,96.0,
215,2,229,B,44.0,0.0,20.0,64.0,
215,2,230,A,45.0,0.0,24.0,69.0,
215,2,231,B,45.0,0.0,27.0,72.0,
215,2,232,C,45.0,0.0,24.0,69.0,
215,2,233,C,45.0,0.0,64.0,109.0,
215,2,234,B,45.0,0.0,28.0,73.0,
215,2,235,A,46.0,0.0,24.0,70.0,
215,2,236,B,46.0,0.0,25.0,71.0,
215,2,237,B,47.0,0.0,11.0,58.0,
215,2,238,B,47.0,0.0,27.0,74.0,
215,2,239,B,47.0,0.0,35.0,82.0,
215,2,240,C,47.0,0.0,67.0,114.0,
215,2,241,A,47.0,0.0,24.0,71.0,
215,2,242,C,48.0,0.0,29.0,77.0,
215,2,243,B,48.0,0.0,25.0,73.0,
215,2,244,A,48.0,0.0,24.0,72.0,
215,2,245,B,48.0,0.0,29.0,77.0,
215,2,246,B,48.0,0.0,21.0,69.0,
215,2,247,B,49.0,0.0,31.0,80.0,
215,2,248,B,49.0,0.0,31.0,80.0,
215,2,249,B,49.0,0.0,33.0,82.0,
215,2,250,C,49.0,0.0,37.0,86.0,
215,2,251,A,49.0,0.0,24.0,73.0,
215,2,252,A,50.0,0.0,24.0,74.0,
215,2,253,B,50.0,0.0,18.0,68.0,
215,2,254,B,50.0,0.0,17.0,67.0,
215,2,255,C,50.0,0.0,31.0,81.0,
215,2,256,B,50.0,0.0,31.0,81.0,
215,2,257,C,50.0,0.0,70.0,120.0,
215,2,258,B,50.0,0.0,27.0,77.0,
215,2,259,A,51.0,0.0,24.0,75.0,
215,2,260,B,51.0,0.0,34.0,85.0,
215,2,261,C,51.0,0.0,64.0,115.0,
215,2,262,B,52.0,0.0,20.0,72.0,
215,2,263,B,52.0,0.0,26.0,78.0,
215,2,264,B,52.0,0.0,19.0,71.0,
215,2,265,A,52.0,0.0,24.0,76.0,
215,2,266,B,52.0,0.0,32.0,84.0,
215,2,267,C,52.0,0.0,30.0,82.0,
215,2,268,C,52.0,0.0,63.0,115.0,
215,2,269,C,52.0,0.0,38.0,90.0,
215,2,270,A,53.0,0.0,24.0,77.0,
215,2,271,C,53.0,0.0,71.0,124.0,
215,2,272,C,53.0,0.0,64.0,117.0,
215,2,273,C,53.0,0.0,70.0,123.0,
215,2,274,B,53.0,0.0,24.0,77.0,
215,2,275,C,54.0,0.0,54.0,108.0,
215,2,276,C,54.0,0.0,25.0,79.0,
215,2,277,C,54.0,0.0,58.0,112.0,
215,2,278,A,54.0,0.0,24.0,78.0,
215,2,279,B,54.0,0.0,30.0,84.0,
215,2,280,B,54.0,0.0,35.0,89.0,
215,2,281,B,55.0,0.0,31.0,86.0,
215,2,282,B,55.0,0.0,25.0,80.0,
215,2,283,B,55.0,0.0,22.0,77.0,
215,2,284,C,55.0,0.0,58.0,113.0,
215,2,285,C,55.0,0.0,52.0,107.0,
215,2,286,C,55.0,0.0,43.0,98.0,
215,2,287,A,55.0,0.0,24.0,79.0,
215,2,288,A,56.0,0.0,24.0,80.0,
215,2,289,B,56.0,0.0,24.0,80.0,
215,2,290,C,56.0,0.0,29.0,85.0,
215,2,291,B,56.0,0.0,14.0,70.0,
215,2,292,C,56.0,0.0,40.0,96.0,
215,2,293,C,57.0,0.0,24.0,81.0,
215,2,294,C,57.0,0.0,41.0,98.0,
215,2,295,A,57.0,0.0,24.0,81.0,
215,2,296,C,57.0,0.0,56.0,113.0,
215,2,297,B,57.0,0.0,25.0,82.0,
215,2,298,B,57.0,0.0,33.0,90.0,
215,2,299,B,57.0,0.0,32.0,89.0,
215,2,300,B,57.0,0.0,30.0,87.0,
215,2,301,C,58.0,0.0,51.0,109.0,
215,2,302,B,58.0,0.0,23.0,81.0,
215,2,303,B,58.0,0.0,20.0,78.0,
215,2,304,A,58.0,0.0,24.0,82.0,
215,2,305,C,58.0,0.0,63.0,121.0,
215,2,306,A,59.0,0.0,24.0,83.0,
215,2,307,C,59.0,0.0,67.0,126.0,
215,2,308,C,59.0,0.0,66.0,125.0,
215,2,309,C,59.0,0.0,66.0,125.0,
215,2,310,B,59.0,0.0,28.0,87.0,
215,2,311,B,59.0,0.0,15.0,74.0,
215,2,312,A,60.0,0.0,24.0,84.0,
215,2,313,C,60.0,0.0,40.0,100.0,
215,2,314,C,60.0,0.0,37.0,97.0,
215,2,315,C,60.0,0.0,70.0,130.0,
215,2,316,B,60.0,0.0,33.0,93.0,
215,2,317,B,61.0,0.0,21.0,82.0,
215,2,318,A,61.0,0.0,24.0,85.0,
215,2,319,B,62.0,0.0,17.0,79.0,
215,2,320,C,62.0,0.0,25.0,87.0,
215,2,321,C,62.0,0.0,24.0,86.0,
215,2,322,B,62.0,0.0,23.0,85.0,
215,2,323,A,62.0,0.0,24.0,86.0,
215,2,324,B,62.0,0.0,20.0,82.0,
215,2,325,B,62.0,0.0,36.0,98.0,
215,2,326,B,62.0,0.0,26.0,88.0,
215,2,327,B,62.0,0.0,32.0,94.0,
215,2,328,B,63.0,0.0,22.0,85.0,
215,2,329,B,63.0,0.0,21.0,84.0,
215,2,330,A,63.0,0.0,24.0,87.0,
215,2,331,B,63.0,0.0,21.0,84.0,
215,2,332,C,63.0,0.0,71.0,134.0,
215,2,333,C,63.0,0.0,51.0,114.0,
215,2,334,A,64.0,0.0,24.0,88.0,
215,2,335,B,64.0,0.0,31.0,95.0,
215,2,336,B,64.0,0.0,13.0,77.0,
215,2,337,B,64.0,0.0,18.0,82.0,
215,2,338,B,64.0,0.0,14.0,78.0,
215,2,339,C,65.0,0.0,31.0,96.0,
215,2,340,B,65.0,0.0,23.0,88.0,
215,2,341,B,65.0,0.0,23.0,88.0,
215,2,342,B,65.0,0.0,16.0,81.0,
215,2,343,B,65.0,0.0,32.0,97.0,
215,2,344,B,65.0,0.0,25.0,90.0,
215,2,345,A,65.0,0.0,24.0,89.0,
215,2,346,C,65.0,0.0,72.0,137.0,
215,2,347,A,66.0,0.0,24.0,90.0,
215,2,348,B,66.0,0.0,33.0,99.0,
215,2,349,C,66.0,0.0,52.0,118.0,
215,2,350,B,66.0,0.0,34.0,100.0,
215,2,351,B,66.0,0.0,15.0,81.0,
215,2,352,A,67.0,0.0,24.0,91.0,
215,2,353,B,67.0,0.0,38.0,105.0,
215,2,354,B,67.0,0.0,39.0,106.0,
215,2,355,B,68.0,0.0,23.0,91.0,
215,2,356,B,68.0,0.0,17.0,85.0,
215,2,357,A,68.0,0.0,24.0,92.0,
215,2,358,B,68.0,0.0,25.0,93.0,
215,2,359,C,68.0,0.0,55.0,123.0,
215,2,360,B,68.0,0.0,19.0,87.0,
215,2,361,B,69.0,0.0,22.0,91.0,
215,2,362,C,69.0,0.0,34.0,103.0,
215,2,363,B,69.0,0.0,33.0,102.0,
215,2,364,B,69.0,0.0,25.0,94.0,
215,2,365,B,69.0,0.0,23.0,92.0,
215,2,366,B,69.0,0.0,22.0,91.0,
215,2,367,B,69.0,0.0,21.0,90.0,
215,2,368,A,69.0,0.0,24.0,93.0,
215,2,369,C,70.0,0.0,60.0,130.0,
215,2,370,A,70.0,0.0,24.0,94.0,
215,2,371,B,70.0,0.0,27.0,97.0,
215,2,372,B,70.0,0.0,24.0,94.0,
215,2,373,B,70.0,0.0,33.0,103.0,
215,2,374,C,70.0,0.0,62.0,132.0,
215,2,375,C,71.0,0.0,43.0,114.0,
215,2,376,A,71.0,0.0,24.0,95.0,
215,2,377,B,71.0,0.0,19.0,90.0,
215,2,378,B,71.0,0.0,23.0,94.0,
215,2,379,B,71.0,0.0,18.0,89.0,
215,2,380,B,71.0,0.0,27.0,98.0,
215,2,381,C,71.0,0.0,61.0,132.0,
215,2,382,B,72.0,0.0,27.0,99.0,
215,2,383,B,72.0,0.0,18.0,90.0,
215,2,384,B,72.0,0.0,22.0,94.0,
215,2,385,B,72.0,0.0,18.0,90.0,
215,2,386,A,72.0,0.0,24.0,96.0,
215,2,387,C,72.0,0.0,41.0,113.0,
215,2,388,C,72.0,0.0,66.0,138.0,
215,2,389,B,72.0,0.0,20.0,92.0,
215,2,390,B,73.0,0.0,25.0,98.0,
215,2,391,B,73.0,0.0,17.0,90.0,
215,2,392,A,73.0,0.0,24.0,97.0,
215,2,393,C,73.0,0.0,68.0,141.0,
215,2,394,B,73.0,0.0,24.0,97.0,
215,2,395,C,74.0,0.0,42.0,116.0,
215,2,396,B,74.0,0.0,24.0,98.0,
215,2,397,A,74.0,0.0,24.0,98.0,
215,2,398,B,74.0,0.0,28.0,102.0,
215,2,399,B,74.0,0.0,17.0,91.0,
215,2,400,B,74.0,0.0,27.0,101.0,
215,2,401,B,74.0,0.0,33.0,107.0,
215,2,402,A,75.0,0.0,24.0,99.0,
215,2,403,C,75.0,0.0,49.0,124.0,
215,2,404,B,75.0,0.0,24.0,99.0,
215,2,405,A,76.0,0.0,24.0,100.0,
215,2,406,C,76.0,0.0,35.0,111.0,
215,2,407,C,76.0,0.0,50.0,126.0,
215,2,408,B,76.0,0.0,21.0,97.0,
215,2,409,C,77.0,0.0,64.0,141.0,
215,2,410,C,77.0,0.0,58.0,135.0,
215,2,411,A,77.0,0.0,24.0,101.0,
215,2,412,B,77.0,0.0,32.0,109.0,
215,2,413,B,77.0,0.0,15.0,92.0,
215,2,414,B,77.0,0.0,27.0,104.0,
215,2,415,B,77.0,0.0,16.0,93.0,
215,2,416,A,78.0,0.0,24.0,102.0,
215,2,417,B,78.0,0.0,23.0,101.0,
215,2,418,C,78.0,0.0,38.0,116.0,
215,2,419,C,78.0,0.0,47.0,125.0,
215,2,420,C,78.0,0.0,27.0,105.0,
215,2,421,B,79.0,0.0,24.0,103.0,
215,2,422,B,79.0,0.0,15.0,94.0,
215,2,423,C,79.0,0.0,61.0,140.0,
215,2,424,C,79.0,0.0,45.0,124.0,
215,2,425,C,79.0,0.0,53.0,132.0,
215,2,426,B,79.0,0.0,17.0,96.0,
215,2,427,A,79.0,0.0,24.0,103.0,
215,2,428,B,79.0,0.0,25.0,104.0,
215,2,429,B,79.0,0.0,35.0,114.0,
215,2,430,B,80.0,0.0,29.0,109.0,
215,2,431,A,80.0,0.0,24.0,104.0,
215,2,432,B,80.0,0.0,30.0,110.0,
215,2,433,C,80.0,0.0,28.0,108.0,
215,2,434,C,80.0,0.0,71.0,151.0,
215,2,435,C,80.0,0.0,50.0,130.0,
215,2,436,C,81.0,0.0,51.0,132.0,
215,2,437,C,81.0,0.0,72.0,153.0,
215,2,438,C,81.0,0.0,40.0,121.0,
215,2,439,A,81.0,0.0,24.0,105.0,
215,2,440,B,81.0,0.0,24.0,105.0,
215,2,441,B,81.0,0.0,27.0,108.0,
215,2,442,B,81.0,0.0,33.0,114.0,
215,2,443,B,81.0,0.0,21.0,102.0,
215,2,444,B,82.0,0.0,29.0,111.0,
215,2,445,C,82.0,0.0,61.0,143.0,
215,2,446,C,82.0,0.0,46.0,128.0,
215,2,447,B,82.0,0.0,17.0,99.0,
215,2,448,A,82.0,0.0,24.0,106.0,
215,2,449,B,83.0,0.0,28.0,111.0,
215,2,450,B,83.0,0.0,27.0,110.0,
215,2,451,B,83.0,0.0,27.0,110.0,
215,2,452,C,83.0,0.0,56.0,139.0,
215,2,453,B,83.0,0.0,28.0,111.0,
215,2,454,A,83.0,0.0,24.0,107.0,
215,2,455,B,84.0,0.0,29.0,113.0,
215,2,456,B,84.0,0.0,29.0,113.0,
215,2,457,B,84.0,0.0,22.0,106.0,
215,2,458,C,84.0,0.0,29.0,113.0,
215,2,459,A,84.0,0.0,24.0,108.0,
215,2,460,B,85.0,0.0,30.0,115.0,
215,2,461,A,85.0,0.0,24.0,109.0,
215,2,462,B,85.0,0.0,26.0,111.0,
215,2,463,C,85.0,0.0,29.0,114.0,
215,2,464,C,85.0,0.0,38.0,123.0,
215,2,465,B,86.0,0.0,17.0,103.0,
215,2,466,B,86.0,0.0,27.0,113.0,
215,2,467,A,86.0,0.0,24.0,110.0,
215,2,468,C,87.0,0.0,56.0,143.0,
215,2,469,B,87.0,0.0,21.0,108.0,
215,2,470,B,87.0,0.0,30.0,117.0,
215,2,471,C,87.0,0.0,50.0,137.0,
215,2,472,B,87.0,0.0,12.0,99.0,
215,2,473,B,87.0,0.0,35.0,122.0,
215,2,474,A,87.0,0.0,24.0,111.0,
215,2,475,C,87.0,0.0,27.0,114.0,
215,2,476,B,88.0,0.0,30.0,118.0,
215,2,477,B,88.0,0.0,26.0,114.0,
215,2,478,B,88.0,0.0,30.0,118.0,
215,2,479,B,88.0,0.0,25.0,113.0,
215,2,480,C,88.0,0.0,50.0,138.0,
215,2,481,B,88.0,0.0,18.0,106.0,
215,2,482,C,88.0,0.0,24.0,112.0,
215,2,483,A,88.0,0.0,24.0,112.0,
215,2,484,C,89.0,0.0,26.0,115.0,
215,2,485,B,89.0,0.0,24.0,113.0,
215,2,486,B,89.0,0.0,25.0,114.0,
215,2,487,B,89.0,0.0,22.0,111.0,
215,2,488,B,89.0,0.0,20.0,109.0,
215,2,489,B,89.0,0.0,15.0,104.0,
215,2,490,A,89.0,0.0,24.0,113.0,
215,2,491,B,89.0,0.0,33.0,122.0,
215,2,492,C,90.0,0.0,42.0,132.0,
215,2,493,B,90.0,0.0,26.0,116.0,
215,2,494,B,90.0,0.0,27.0,117.0,
215,2,495,B,90.0,0.0,25.0,115.0,
215,2,496,B,90.0,0.0,24.0,114.0,
215,2,497,C,90.0,0.0,25.0,115.0,
215,2,498,A,90.0,0.0,24.0,114.0,
215,2,499,A,91.0,0.0,24.0,115.0,
215,2,500,B,91.0,0.0,26.0,117.0,
215,2,501,B,91.0,0.0,30.0,121.0,
215,2,502,B,91.0,0.0,28.0,119.0,
215,2,503,B,91.0,0.0,29.0,120.0,
215,2,504,B,91.0,0.0,26.0,117.0,
215,2,505,B,91.0,0.0,30.0,121.0,
215,2,506,A,92.0,0.0,24.0,116.0,
215,2,507,B,92.0,0.0,27.0,119.0,
215,2,508,B,92.0,0.0,26.0,118.0,
215,2,509,B,92.0,0.0,24.0,116.0,
215,2,510,C,93.0,0.0,31.0,124.0,
215,2,511,C,93.0,0.0,63.0,156.0,
215,2,512,A,93.0,0.0,24.0,117.0,
215,2,513,B,93.0,0.0,26.0,119.0,
215,2,514,B,94.0,0.0,10.0,104.0,
215,2,515,A,94.0,0.0,24.0,118.0,
215,2,516,B,94.0,0.0,30.0,124.0,
215,2,517,B,95.0,0.0,25.0,120.0,
215,2,518,A,95.0,0.0,24.0,119.0,
215,2,519,B,95.0,0.0,26.0,121.0,
215,2,520,B,95.0,0.0,33.0,128.0,
215,2,521,B,95.0,0.0,25.0,120.0,
215,2,522,A,96.0,0.0,24.0,120.0,
215,2,523,B,96.0,0.0,14.0,110.0,
215,2,524,B,96.0,0.0,30.0,126.0,
215,2,525,B,96.0,0.0,22.0,118.0,
215,2,526,A,97.0,0.0,24.0,121.0,
215,2,527,C,97.0,0.0,27.0,124.0,
215,2,528,C,97.0,0.0,25.0,122.0,
215,2,529,C,97.0,0.0,70.0,167.0,
215,2,530,B,97.0,0.0,27.0,124.0,
215,2,531,B,97.0,0.0,20.0,117.0,
215,2,532,B,97.0,0.0,10.0,107.0,
215,2,533,A,98.0,0.0,24.0,122.0,
215,2,534,B,98.0,0.0,25.0,123.0,
215,2,535,B,99.0,0.0,37.0,136.0,
215,2,536,B,99.0,0.0,23.0,122.0,
215,2,537,B,99.0,0.0,29.0,128.0,
215,2,538,B,99.0,0.0,30.0,129.0,
215,2,539,A,99.0,0.0,24.0,123.0,
215,2,540,B,99.0,0.0,23.0,122.0,
215,2,541,B,99.0,0.0,22.0,121.0,
215,2,542,B,99.0,0.0,27.0,126.0,
215,2,543,C,99.0,0.0,63.0,162.0,
215,2,544,C,99.0,0.0,42.0,141.0,
215,2,545,C,100.0,0.0,52.0,152.0,
215,2,546,C,100.0,0.0,25.0,125.0,
215,2,547,C,100.0,0.0,65.0,165.0,
215,2,548,A,100.0,0.0,24.0,124.0,
215,2,549,B,100.0,0.0,24.0,124.0,
215,2,550,B,100.0,0.0,25.0,125.0,
215,2,551,A,101.0,0.0,24.0,125.0,
215,2,552,B,101.0,0.0,29.0,130.0,
215,2,553,B,101.0,0.0,29.0,130.0,
215,2,554,B,101.0,0.0,34.0,135.0,
215,2,555,B,101.0,0.0,39.0,140.0,
215,2,556,C,101.0,0.0,42.0,143.0,
215,2,557,C,101.0,0.0,65.0,166.0,
215,2,558,C,102.0,0.0,57.0,159.0,
215,2,559,B,102.0,0.0,21.0,123.0,
215,2,560,C,102.0,0.0,48.0,150.0,
215,2,561,C,102.0,0.0,68.0,170.0,
215,2,562,A,102.0,0.0,24.0,126.0,
215,2,563,B,102.0,0.0,13.0,115.0,
215,2,564,B,103.0,0.0,25.0,128.0,
215,2,565,B,103.0,0.0,18.0,121.0,
215,2,566,A,103.0,0.0,24.0,127.0,
215,2,567,B,103.0,0.0,26.0,129.0,
215,2,568,A,104.0,0.0,24.0,128.0,
215,2,569,C,104.0,0.0,43.0,147.0,
215,2,570,B,105.0,0.0,20.0,125.0,
215,2,571,B,105.0,0.0,34.0,139.0,
215,2,572,A,105.0,0.0,24.0,129.0,
215,2,573,B,105.0,0.0,28.0,133.0,
215,2,574,B,105.0,0.0,26.0,131.0,
215,2,575,B,105.0,0.0,23.0,128.0,
215,2,576,C,105.0,0.0,59.0,164.0,
215,2,577,B,105.0,0.0,17.0,122.0,
215,2,578,B,105.0,0.0,30.0,135.0,
215,2,579,B,106.0,0.0,21.0,127.0,
215,2,580,B,106.0,0.0,33.0,139.0,
215,2,581,C,106.0,0.0,67.0,173.0,
215,2,582,A,106.0,0.0,24.0,130.0,
215,2,583,B,106.0,0.0,31.0,137.0,
215,2,584,A,107.0,0.0,24.0,131.0,
215,2,585,C,107.0,0.0,63.0,170.0,
215,2,586,B,107.0,0.0,34.0,141.0,
215,2,587,B,107.0,0.0,29.0,136.0,
215,2,588,C,108.0,0.0,35.0,143.0,
215,2,589,C,108.0,0.0,41.0,149.0,
215,2,590,C,108.0,0.0,54.0,162.0,
215,2,591,B,108.0,0.0,33.0,141.0,
215,2,592,B,108.0,0.0,18.0,126.0,
215,2,593,A,108.0,0.0,24.0,132.0,
215,2,594,B,109.0,0.0,29.0,138.0,
215,2,595,B,109.0,0.0,23.0,132.0,
215,2,596,B,109.0,0.0,22.0,131.0,
215,2,597,B,109.0,0.0,21.0,130.0,
215,2,598,C,109.0,0.0,61.0,170.0,
215,2,599,A,109.0,0.0,24.0,133.0,
215,2,600,C,110.0,0.0,33.0,143.0,
215,2,601,C,110.0,0.0,29.0,139.0,
215,2,602,B,110.0,0.0,17.0,127.0,
215,2,603,B,110.0,0.0,17.0,127.0,
215,2,604,B,110.0,0.0,21.0,131.0,
215,2,605,B,110.0,0.0,29.0,139.0,
215,2,606,B,110.0,0.0,19.0,129.0,
215,2,607,B,110.0,0.0,29.0,139.0,
215,2,608,B,110.0,0.0,23.0,133.0,
215,2,609,A,110.0,0.0,24.0,134.0,
215,2,610,C,111.0,0.0,68.0,179.0,
215,2,611,B,111.0,0.0,18.0,129.0,
215,2,612,C,111.0,0.0,37.0,148.0,
215,2,613,B,111.0,0.0,34.0,145.0,
215,2,614,B,111.0,0.0,27.0,138.0,
215,2,615,A,111.0,0.0,24.0,135.0,
215,2,616,B,112.0,0.0,31.0,143.0,
215,2,617,B,112.0,0.0,17.0,129.0,
215,2,618,B,112.0,0.0,24.0,136.0,
215,2,619,A,112.0,0.0,24.0,136.0,
215,2,620,B,113.0,0.0,24.0,137.0,
215,2,621,A,113.0,0.0,24.0,137.0,
215,2,622,B,113.0,0.0,17.0,130.0,
215,2,623,B,113.0,0.0,17.0,130.0,
215,2,624,B,113.0,0.0,25.0,138.0,
215,2,625,B,114.0,0.0,13.0,127.0,
215,2,626,B,114.0,0.0,24.0,138.0,
215,2,627,B,114.0,0.0,16.0,130.0,
215,2,628,C,114.0,0.0,26.0,140.0,
215,2,629,B,114.0,0.0,29.0,143.0,
215,2,630,A,114.0,0.0,24.0,138.0,
215,2,631,C,114.0,0.0,46.0,160.0,
215,2,632,C,114.0,0.0,48.0,162.0,
215,2,633,B,114.0,0.0,24.0,138.0,
215,2,634,A,115.0,0.0,24.0,139.0,
215,2,635,C,115.0,0.0,39.0,154.0,
215,2,636,B,115.0,0.0,17.0,132.0,
215,2,637,B,115.0,0.0,29.0,144.0,
215,2,638,B,116.0,0.0,19.0,135.0,
215,2,639,C,116.0,0.0,25.0,141.0,
215,2,640,A,116.0,0.0,24.0,140.0,
215,2,641,B,116.0,0.0,23.0,139.0,
215,2,642,B,116.0,0.0,14.0,130.0,
215,2,643,B,116.0,0.0,36.0,152.0,
215,2,644,B,116.0,0.0,18.0,134.0,
215,2,645,C,116.0,0.0,72.0,188.0,
215,2,646,C,117.0,0.0,31.0,148.0,
215,2,647,A,117.0,0.0,24.0,141.0,
215,2,648,B,117.0,0.0,26.0,143.0,
215,2,649,B,117.0,0.0,19.0,136.0,
215,2,650,B,117.0,0.0,22.0,139.0,
215,2,651,C,117.0,0.0,59.0,176.0,
215,2,652,C,117.0,0.0,35.0,152.0,
215,2,653,C,118.0,0.0,26.0,144.0,
215,2,654,A,118.0,0.0,24.0,142.0,
215,2,655,A,119.0,0.0,24.0,143.0,
215,2,656,B,119.0,0.0,25.0,144.0,
215,2,657,B,119.0,0.0,35.0,154.0,
215,2,658,B,119.0,0.0,21.0,140.0,
215,2,659,B,119.0,0.0,28.0,147.0,
